category,video_id,split
rope skipping,Jda4WQN5uR0,train
rope skipping,L1k7uKjomPc,train
rope skipping,SVVCqfbwwUA,train
rope skipping,0UEWX-2epho,train
rope skipping,du7AS4Zn7pI,train
rope skipping,KQuMpWvClYY,train
rope skipping,dZcTxVBa30g,train
rope skipping,q57qB6Kwroo,train
rope skipping,ECJQH-L169U,train
rope skipping,HMxxGXjfrpU,train
rope skipping,Nr2zoDLAmFU,train
rope skipping,NGkmdLaTI-s,train
rope skipping,DqncFUh-nPk,train
rope skipping,-MtYMG8dmq4,train
rope skipping,VCO58pT8Q_0,train
rope skipping,UE885bT1-Wg,train
rope skipping,E_OaqxydPWE,train
rope skipping,ZiGS2UjUSxI,train
rope skipping,8s3ao_6sgeo,train
rope skipping,-tDq_wE8XUE,train
rope skipping,35uu2UrnwdA,train
rope skipping,jyTwUdsXtiI,train
rope skipping,iDVn_c1nldo,train
rope skipping,9CFR1VdlIMc,train
rope skipping,3B18wwoSCQ0,train
rope skipping,W74LRdNPpiA,train
rope skipping,Vp8hfd8BrVo,train
rope skipping,GAH3z1JaXeU,train
rope skipping,6JUlqSNjzpg,train
rope skipping,bRdi_Xt0070,train
rope skipping,XP6OWO1rNMc,train
rope skipping,_D4Liu09BkI,train
rope skipping,pv6uvBVpzIM,train
rope skipping,F4SIrh2HaDA,train
rope skipping,iLj3VZD-TzQ,train
rope skipping,MIH6vCpmH3o,train
rope skipping,jOopSNjhNrw,train
rope skipping,cEfyBAMc_sY,train
rope skipping,yiax9NZufow,train
rope skipping,C8wh1GT9mnI,train
rope skipping,og0EAHz1FPI,train
rope skipping,a0Hrvh4RS3o,train
rope skipping,d203T66G1lk,train
rope skipping,SaWJzUJASIw,train
rope skipping,SaU5hTHwcF8,train
rope skipping,hLFVbNdPyDQ,train
rope skipping,E3DthAoKwL0,train
rope skipping,R8TmXJVnp6A,train
rope skipping,PGSbkU28wcI,train
rope skipping,ZuLu1fhegok,train
rope skipping,x0FBK6fX18U,train
rope skipping,Ypd6Hstb-iE,train
rope skipping,ImmxOJnsNuk,train
rope skipping,CEPqJQMX-TI,train
rope skipping,1CdyinIIcKw,train
rope skipping,FnkYHMLi30k,train
rope skipping,wlPhqJjBWLE,train
rope skipping,1GJy7Bmh25Q,train
rope skipping,trXFatHjByM,train
rope skipping,RN45OKuPBLc,train
rope skipping,U9yudtndUX0,train
rope skipping,ih7g1UFPtIw,train
rope skipping,LDD41NEniMY,train
rope skipping,hVHI04D1yBY,train
rope skipping,pvc1dnk0Q38,train
rope skipping,64LwbC3xsV8,train
rope skipping,ewjs2aqkmXw,train
rope skipping,9ge5GwYO-pU,train
rope skipping,_1k7OImLXJg,train
rope skipping,lRIcaC9Vy_s,train
rope skipping,euqTH8Nj6p0,train
rope skipping,W_8O-Zd2ovQ,train
rope skipping,i3-8Aja8Ajs,train
rope skipping,Xp-GqrikTEY,train
rope skipping,fQYjh6sCDVM,train
rope skipping,YtGB0xdVz0E,train
rope skipping,2P7WgH-3VQM,train
rope skipping,-J_Lm_eqp0U,train
rope skipping,jh4Y05Nl0Jg,train
rope skipping,-u-OViTO-UA,train
rope skipping,m_i-Q5O9pdQ,train
rope skipping,1-2zGkXe070,val
rope skipping,T8IQtyn5Lz8,val
rope skipping,z5ASdi_fY7c,val
rope skipping,hyK3qkTsRUQ,val
rope skipping,QenXFpWL6TI,val
rope skipping,lNpyUGhdNI0,val
rope skipping,d_zeI_sbGB0,val
rope skipping,lNh7DP8jyCg,val
rope skipping,ob_MniYiOOA,val
rope skipping,MFfsCDIM1U0,val
rope skipping,mfiG2OvTtz0,val
rope skipping,E73OgwM-7XQ,val
rope skipping,WrE9tVh38jU,val
rope skipping,93P8Or2bH-E,val
rope skipping,_GmRuZdZaY4,val
rope skipping,hRc5mInvrYA,val
rope skipping,imm1dI4Xg9g,val
rope skipping,YFO26ojd-sI,val
rope skipping,FYcGOVZ8uR4,val
rope skipping,mFPZ8BZuOkM,val
rope skipping,8KyhxZL8yFI,val
rope skipping,DyfmxTyN97E,val
rope skipping,bznEICSlMB4,val
rope skipping,A1E-agNyE2U,val
rope skipping,_gDw8q2sRLk,val
rope skipping,JLSKigRYRmY,test
rope skipping,GT4_QP3GI5U,test
rope skipping,_9ub8t8y6Mg,test
rope skipping,MDvwmtIgsVM,test
rope skipping,lNybnNbLzJY,test
rope skipping,r99vxnvhKoY,test
rope skipping,X2-C8kfguHg,test
rope skipping,AHw0fTeXFnw,test
rope skipping,f0OSHdSD1EQ,test
rope skipping,P9YAtsKg1ds,test
rope skipping,wsiidtWIg44,test
rope skipping,xnOW5j0cwmc,test
rope skipping,t_y3F9Eo9NY,test
rope skipping,hrrPWS86M-Q,test
rope skipping,7tkiAj8nE-g,test
rope skipping,JeasCjeuaWA,test
rope skipping,6ZH7vq_GLnc,test
rope skipping,ZuORAfD4B3g,test
rope skipping,4EKVllBav_s,test
rope skipping,yO6ZMvRrcqA,test
rope skipping,BwMRm3g0aGo,test
rope skipping,kTu8XtF-gzc,test
rope skipping,jcIFYIRgzbY,test
rope skipping,CM86AnMHRmk,test
rope skipping,TOhV_31U7QU,test
rope skipping,YeuHrxsxJLU,test
rope skipping,Kl2BgvZNcq4,test
rope skipping,1MEX_aACd00,test
rope skipping,a0Ktlr3IOq4,test
rope skipping,NqiYauilAA0,test
rope skipping,TgXcPPzlICI,test
rope skipping,hGqA7We5-fk,test
rope skipping,UNZYQZNyB00,test
playing cello,TnTNq8LpqbI,train
playing cello,6TB4DV68HVA,train
playing cello,zaMtE6Quo2c,train
playing cello,i3TeIWyr2qQ,train
playing cello,HCSCSMKIvxc,train
playing cello,Jn1d9EV0saM,train
playing cello,KTYh5oWB16Y,train
playing cello,yXxb-ujiy-8,train
playing cello,0R4ILgLLd_o,train
playing cello,HV8cjZxpo9Q,train
playing cello,RYzVt0X5ttc,train
playing cello,Sx3WV9GSOmc,train
playing cello,bWyrxAZCOhA,train
playing cello,0RZRFj7zDnQ,train
playing cello,68Zk2tTqxbE,train
playing cello,EXGd847CbTM,train
playing cello,2Rwp6f7Rkmk,train
playing cello,N-AQdn6PNxE,train
playing cello,zuliN34L5dk,train
playing cello,VJkwXA-7hUU,train
playing cello,C1fKe7KDd3g,train
playing cello,LrxChRH7mYw,train
playing cello,k8uKrFhh6I8,train
playing cello,IKGIdg6ohP8,train
playing cello,Hn95jm9E1k4,train
playing cello,3S32ZCgQMTk,train
playing cello,RYRqK2yZkt0,train
playing cello,RYA-r_qJJVY,train
playing cello,3zmlA7vLmJA,train
playing cello,E62kiwwhsu8,train
playing cello,DQHiagV2Ln0,train
playing cello,pT1-C0h8As4,train
playing cello,L3oE2mAqRUA,train
playing cello,NdDUlc3lcmY,train
playing cello,sQzGWHro8hA,train
playing cello,lDTrnXAu4WY,train
playing cello,UzEFRNWEqQ4,train
playing cello,QtoGq4WG598,train
playing cello,3rns4DQHEn4,train
playing cello,ZcAjfBynOr0,train
playing cello,0KRximLrxDw,train
playing cello,f_gJikgKnBo,train
playing cello,aVak8JdTxPM,train
playing cello,Y1_0oxZptec,train
playing cello,ERjtCDLt4sQ,train
playing cello,-0UyIRbzhlw,train
playing cello,IB10i5gjd64,train
playing cello,j9LZku0af3Q,train
playing cello,RSoyWV3tYDQ,train
playing cello,819OVTpaGEY,train
playing cello,fZFQcanE5uI,train
playing cello,8TPLOn32v3E,train
playing cello,L-i6ro6zWjQ,train
playing cello,rEQJtz0MPYQ,train
playing cello,jBri9oAptAY,train
playing cello,VYzdAYIzfMc,train
playing cello,akHHUynXRq0,train
playing cello,4nuZXg7fuBA,train
playing cello,mrDBSU5EBDI,train
playing cello,pifgcGqkiaY,train
playing cello,YVJEI6e4RVA,train
playing cello,AXrILCCk2Dw,train
playing cello,Mw1nPIeEBcY,train
playing cello,GSovTky7XbU,train
playing cello,EUAaNKVVOd4,train
playing cello,dm2FkV6WMYU,train
playing cello,Vw6PnAN8HmU,train
playing cello,YVa-9yzNwtU,train
playing cello,YjJa2bx67BY,train
playing cello,7ktAGYZEC2s,train
playing cello,2y2PUPqFLSg,train
playing cello,FIgNdwihlG8,train
playing cello,DP6Fi7akaLE,train
playing cello,Fbu3JHzsB7U,train
playing cello,Pd_cWEXdzdk,train
playing cello,0kwwK5p15ug,train
playing cello,UcxrQLhImt8,train
playing cello,V7edkwJsgN0,train
playing cello,2sBdPQ6wx6E,train
playing cello,OVYBz9B9w6I,train
playing cello,RMzeKw2V0Mg,train
playing cello,ByndCEEPsu4,train
playing cello,SKPwClfO2po,train
playing cello,WZ5YqSjQhv0,train
playing cello,edlRpDHkz8A,train
playing cello,FglnuP1jpRY,train
playing cello,Nmcw8jn-jgg,train
playing cello,l-kcXXZIVLs,train
playing cello,c7BMN_rwjd4,train
playing cello,VYwH6x11XU0,train
playing cello,BmuCXHtvUaA,train
playing cello,ba-LQl33Yu0,train
playing cello,u6kpWo8tG4M,train
playing cello,9hh5XknlASk,train
playing cello,y7bpeTxQ16U,train
playing cello,V5lKLI7v8aI,train
playing cello,84-Mxkujakc,train
playing cello,Y9l2k6G0nA0,train
playing cello,iCOG41rKjrE,train
playing cello,yXwqrJrusak,train
playing cello,wlS-OjFsnRo,train
playing cello,nIz3NVwOWEY,train
playing cello,2saVQ0sDK_E,train
playing cello,MbtkL5_f6-4,train
playing cello,wfLNKvKTNbo,train
playing cello,01UETgu-H60,train
playing cello,dhgVMgOFMus,train
playing cello,jTQdbR6av3w,train
playing cello,-WixpONKM1A,train
playing cello,lDABsoatahM,train
playing cello,WZ0Y_AHheGA,train
playing cello,Gybk2sWznDA,train
playing cello,AWUsylEsXk8,train
playing cello,H9NNRYifviU,train
playing cello,tfaCJZ95kBQ,train
playing cello,j32gZWkBHUw,train
playing cello,Bs6SMNq51Gw,train
playing cello,do-iArQ2elw,train
playing cello,x1mnhHlFxzk,train
playing cello,U_E9P44VCKE,train
playing cello,VNkDk_7TQ4Q,train
playing cello,7PsBCvFpd_4,train
playing cello,5sEi4RDJVZs,train
playing cello,1FAkjQEynS4,train
playing cello,p1YxbNjeD1Q,train
playing cello,H8ZIzLTkxPk,train
playing cello,ECP7EJka6N8,train
playing cello,WivRhwlQJmo,train
playing cello,0gCwbdCYMZ0,train
playing cello,7WWFw_eVC0M,train
playing cello,FGQ7BwsixYg,train
playing cello,zidrFfQ0PHs,train
playing cello,tRdgTzG9Uq4,train
playing cello,1V8UurfTufw,train
playing cello,SYCDWqy3_ck,train
playing cello,A9LkQyImgNI,train
playing cello,ER8sTBWviZM,train
playing cello,7eoZQVlQURY,train
playing cello,JYwN_8de5AQ,train
playing cello,-nvNCdEK1vQ,train
playing cello,TXHB9wL4WFg,train
playing cello,aKZjwdcZVUA,train
playing cello,SPOQzd_LaGM,train
playing cello,Pa_7DkJIFIs,train
playing cello,Hw-ZYmV0Z8E,train
playing cello,REnbw04VXB4,train
playing cello,OIGvCw4UUYk,train
playing cello,GdibQ6tIUGw,train
playing cello,YaEf0Y_9gNE,train
playing cello,x1IKi7MiXBc,train
playing cello,2Er_Xy490zg,train
playing cello,f0Tv60MmoKY,train
playing cello,WQuoH_HyUAk,train
playing cello,mq8x4d5xoJQ,train
playing cello,kyBbxnZ3tm4,train
playing cello,0PxytBLZkZA,train
playing cello,thFP6rzhwYQ,train
playing cello,68qluDGOY28,train
playing cello,m4eDaxzsbYU,train
playing cello,EG32tSqNRKA,train
playing cello,kbkivVyraMM,train
playing cello,0MzZxQZVZcU,train
playing cello,W5TEg_QbvCM,train
playing cello,tFLz20UX-4E,train
playing cello,Lpjc2_2weO0,train
playing cello,C30ryePECU8,train
playing cello,WshWroCcXQo,train
playing cello,03sug8XoxNA,train
playing cello,X-_Twaf1Spg,train
playing cello,mpydrldgvog,train
playing cello,8obDo-xCmLk,train
playing cello,-kWBXffnROc,train
playing cello,FD2EtGJ9k1Y,train
playing cello,Wj-RNjHosRw,train
playing cello,WNv7DjEF0YA,train
playing cello,zP8rtralZgw,train
playing cello,eEo-YubxW5g,train
playing cello,7kDIIIf4QQw,train
playing cello,KWspfgtFE1M,train
playing cello,qrHFg47Mopk,train
playing cello,0g-OylI8Zr8,train
playing cello,mDgwtmT1X6s,train
playing cello,b6dlP7VMIdA,train
playing cello,k46raYSRXqM,train
playing cello,h84-H14iq7I,train
playing cello,57byRCGub_A,train
playing cello,wT3bzOjcgE4,train
playing cello,uY5lWmJht50,train
playing cello,mFmkx9akqgI,train
playing cello,wkSfS5JYezE,train
playing cello,v3RQVStD_kM,train
playing cello,IVZQRMQULlQ,train
playing cello,cWAtsUL1RK4,train
playing cello,olV9n3uhoME,train
playing cello,LKp2j3aiF-s,train
playing cello,rGgG-0lOJjk,train
playing cello,miLp3xAP0lg,train
playing cello,dW0TL9YOJPU,train
playing cello,zE4cOKAsJvg,train
playing cello,F2eDgUpwF1Q,train
playing cello,KeoC1YDglRM,train
playing cello,cNeDlfkD_yg,train
playing cello,nATWBwH1rYA,train
playing cello,efNkVin-yIE,train
playing cello,aTKFwo1ziWo,train
playing cello,__FYn3lWzHE,train
playing cello,THQtXMvHcZg,train
playing cello,nMidwSJIjos,train
playing cello,NieHAzqIiPk,train
playing cello,vcT8gClKYTs,train
playing cello,X0-BtHF0GP0,train
playing cello,xxGO4E6fyJU,train
playing cello,Tvji88h4lBs,train
playing cello,J1E-VvPs1Wg,train
playing cello,7y9hIjH_7do,train
playing cello,IlDWk-x6Cag,train
playing cello,v7Nh_3Ukco0,train
playing cello,ZcZIFqwKbFc,train
playing cello,V1WJOAlyjX8,train
playing cello,nyYG70aM9Fw,train
playing cello,RwpwcQe3hjk,train
playing cello,DYc0f2ZIDEw,train
playing cello,1gA93zC-ckQ,train
playing cello,TxoApYOGe6c,train
playing cello,ZMSfInMYdJc,train
playing cello,YMDBGvFPRoo,train
playing cello,FO7t3IjPt8U,train
playing cello,2ps5yxeh2sM,train
playing cello,3c6cDLE29C0,train
playing cello,yF1AfeWwWQA,train
playing cello,C4Y-BajxLFA,train
playing cello,XsG8fVwfHDA,train
playing cello,47nXNIHZMOE,train
playing cello,-sTWUmy-25w,train
playing cello,aRVhEV5wSYA,train
playing cello,LDtSR-Wnu8I,train
playing cello,ThdzSPS3jw8,train
playing cello,v2AIGrWmFzo,train
playing cello,1UGi2soFdDI,train
playing cello,C4m1KHjp03M,train
playing cello,TDmPW8do0us,train
playing cello,_AO7YZRZNOc,train
playing cello,7Dz4LmdDgg8,train
playing cello,KodZ6MgJKrk,train
playing cello,0I-nlPv3VUA,train
playing cello,nNi4QDoprdA,train
playing cello,Hbp9cvlqlWU,train
playing cello,GD-RIdWt6Xs,train
playing cello,OaJuXaA7tp8,train
playing cello,_QWUjFwo8IM,train
playing cello,6EEk_o64UYA,train
playing cello,dBDgVAehI24,train
playing cello,uZpc4y1rtE8,train
playing cello,NI4Xnxm0xNU,train
playing cello,FxtYaJsFgmM,train
playing cello,fFeMmjWKdng,train
playing cello,BHf4pvm-gGM,train
playing cello,UmSDhdXUT9M,train
playing cello,LpvRYLxyNL4,train
playing cello,uG8DUuaVGUc,train
playing cello,74CYIdYoQ5w,train
playing cello,QupB4NN8fI0,train
playing cello,cTA9RIgZJjg,train
playing cello,7aPl-Va0Zec,train
playing cello,xfoOFuXqVZw,train
playing cello,Z22pFIAFD98,train
playing cello,qLN78rBDZgc,train
playing cello,Y_Qtco4A3Bw,train
playing cello,jM87ShD8MHg,train
playing cello,ayQ2YVmtP9g,train
playing cello,GzhUgVR3b3o,train
playing cello,lQG8CRumj3g,train
playing cello,be1xym_lfd8,train
playing cello,dHKHcgulsiM,train
playing cello,rT3qvDGT7WQ,train
playing cello,7V6wI3ftX3w,train
playing cello,UhuGhMQycVc,train
playing cello,LExYeHF-ypk,train
playing cello,Tb4c92E2HM8,train
playing cello,SE0CenXVa-I,train
playing cello,lm8W8jMtQyA,train
playing cello,rFJGHYSLl8E,train
playing cello,LnHakcCXq1s,train
playing cello,YaE_am2ygGM,train
playing cello,0-NfOnBHWgc,train
playing cello,QN9xyyczFKk,train
playing cello,PnwTlG1aBdU,train
playing cello,yNsj63pp8Iw,train
playing cello,M30AdfNPCLw,train
playing cello,BeE4xUdmocM,val
playing cello,NtyVKIS-6FM,val
playing cello,ytpRgaCyy18,val
playing cello,iab-jyDNEBM,val
playing cello,Cp_wgmmliuk,val
playing cello,0y6foODuJFo,val
playing cello,A46GxwPu8Ho,val
playing cello,1gg5D4rszlg,val
playing cello,ZL9lo5x1Ss4,val
playing cello,UK8Gk-mGDE8,val
playing cello,4-l9NnKkXy0,val
playing cello,hn4liMPRtqc,val
playing cello,hvL5P6yjrlg,val
playing cello,Xq8xv1t6ixw,val
playing cello,z7-e_5gdSk8,val
playing cello,mhRdop55WeQ,val
playing cello,v1G3oCDAMcQ,val
playing cello,-gs3pIiK_Mw,val
playing cello,RE3GJAhtxj8,val
playing cello,Uhfx22HRLMc,val
playing cello,o4piAdbWba4,val
playing cello,cEjYmO5-dLk,val
playing cello,K_8ft0itDCI,val
playing cello,LeMDBew5Jmk,val
playing cello,pjaQx3EkIvw,val
playing cello,AS8Swez9Vbs,val
playing cello,Q5J1dew0a-E,val
playing cello,qFe7AzRudbU,val
playing cello,xDKLJiGt5Hs,val
playing cello,mmJim2h-byQ,val
playing cello,dQKtLx9bVpU,val
playing cello,Vvnv8ZExv1g,val
playing cello,U4V1UaA3gcw,val
playing cello,sZURRfK-0C0,val
playing cello,yVzUj0oAYOk,val
playing cello,ECAkq_er0Qs,val
playing cello,HPFqUBIoYp4,val
playing cello,w6aYVgV0iJ0,val
playing cello,XCu_K7Pp8fk,val
playing cello,oflR0Dow-DA,val
playing cello,9Eli9YCLBkI,val
playing cello,IZR4G9Hhy5U,val
playing cello,mMwGJ_zHhsw,val
playing cello,wX9xzBElHb0,val
playing cello,lb_m2AVVb5M,val
playing cello,YbNUS6pxfjw,val
playing cello,kCQH4wuaISk,val
playing cello,AgE2crwpAsA,val
playing cello,ne0z9fnr03Q,val
playing cello,7KRZQFzW8cg,val
playing cello,9Mmfu_65brE,val
playing cello,AAwcn0AlNqo,val
playing cello,CViouHw-mfQ,val
playing cello,10FxoigYADY,val
playing cello,OTgiObmyIXs,val
playing cello,NxpCpklgHas,val
playing cello,qhMiXdwCGfs,val
playing cello,AokCFdV24Vs,val
playing cello,wtBf-Odf85o,val
playing cello,jT9RWlGKJfE,val
playing cello,esjj9Yf19JE,val
playing cello,BoxuXMoXC8M,val
playing cello,fj5NoJtxdsU,val
playing cello,DHK3IGuuKw4,val
playing cello,a-dYQmqFiQs,val
playing cello,_bH_0GEjBEw,val
playing cello,ELQJUmQYXeU,val
playing cello,hg0kUxkOEr8,val
playing cello,kzi6jS0Q_hQ,val
playing cello,UOWIsnyOTnc,val
playing cello,2-JxpPPt9d8,val
playing cello,qtfGVFQVVPU,val
playing cello,vOY51oSjACg,val
playing cello,SKTxtJL3yWU,val
playing cello,G6XFRkbW1wQ,val
playing cello,L3F59dX9oo8,val
playing cello,VSoly1R7qhc,val
playing cello,dlYenG7pldI,val
playing cello,LXAfLRqrpE8,val
playing cello,it_FODMv-g4,val
playing cello,wnW4qgQQg3g,val
playing cello,NNVmPDGo2dQ,val
playing cello,rD4zuZT5cXk,val
playing cello,Ar_ExVSwkoI,val
playing cello,pLlHIfTP5R4,val
playing cello,wmtGUiJZO-Q,val
playing cello,XteZhhfhanQ,val
playing cello,3Orpl3NJiaE,val
playing cello,qkNXC0_GXHk,val
playing cello,AGJzngpI14Q,val
playing cello,FJpUgwFhVGM,val
playing cello,b4fwusBBPj4,val
playing cello,9dAI8ANLlR4,val
playing cello,eW_MAQj0aIA,val
playing cello,8z-fv4jzNNY,val
playing cello,sIJ2nu6NlSA,test
playing cello,qMCvW07i7QI,test
playing cello,YSU264ml1Qs,test
playing cello,LqsJbF2yEuU,test
playing cello,yYJRilLiFfU,test
playing cello,cfx-5B8GB2c,test
playing cello,x8yymm3DtVA,test
playing cello,DV8I3wOF-MU,test
playing cello,a0uKNcY70G0,test
playing cello,nmlxuwjYSuI,test
playing cello,0JUZ6RTxlTQ,test
playing cello,UWn62iTb30c,test
playing cello,uAnnj1hHL5o,test
playing cello,th-llPuuT9s,test
playing cello,60H36n6ImV0,test
playing cello,8hFYRMOfYMw,test
playing cello,sFFhpPHWWws,test
playing cello,hxOmibN8Lrg,test
playing cello,DiyRg40fkak,test
playing cello,564OgHriY7U,test
playing cello,TeDB27cq3fE,test
playing cello,oUBQPIk9Wh8,test
playing cello,rEAJA5ozlWQ,test
playing cello,EjG1XPyLS94,test
playing cello,RSBsj6lnLlg,test
playing cello,a7ytgGZylPQ,test
playing cello,GQoUFQ8o5HM,test
playing cello,Guwl5G6Wr4Y,test
playing cello,mKvNy9yMqDw,test
playing cello,epVXRTDoMZg,test
playing cello,dpblKiOjOlA,test
playing cello,8TpjFOi9EgY,test
playing cello,SNY3nC_2Wso,test
playing cello,hVjTR47eFjs,test
playing cello,4UrYgeJDU80,test
playing cello,r-Zku8Czrjc,test
playing cello,DKC-lRhvdNY,test
playing cello,Qq3ob5FejMc,test
playing cello,gWJjqxDocOY,test
playing cello,tLCxzQ-S03Q,test
playing cello,unUE-HrltoE,test
playing cello,dWZ8jH0GX0Y,test
playing cello,9ZCHzzCh5nk,test
playing cello,acFcrJ3Ixl0,test
playing cello,SkwBEpSfuYg,test
playing cello,8gMctC3b3cM,test
playing cello,gyQy7h0zCIc,test
playing cello,kSu4Hvbcz6A,test
playing cello,JJosTxjQkzQ,test
playing cello,9t7YT0OKpaM,test
playing cello,2UmMz61A4v4,test
playing cello,0EgTrPbwyeo,test
playing cello,WgMdnzEa1GI,test
playing cello,EAxVMnGB52s,test
playing cello,dChD1eXe4NE,test
playing cello,Oqp-CbWhQK4,test
playing cello,tvgkzAMOnEE,test
playing cello,3wUUZvviZoM,test
playing cello,ZggVGi2CywU,test
playing cello,T4Rz434C10A,test
playing cello,edd741iRPxc,test
playing cello,qxMH7FKgDsY,test
playing cello,gzpkEd3z_0s,test
playing cello,lfcuxdnxpXc,test
playing cello,XLWx_pvKpr8,test
playing cello,j9Y-bNZ1VRE,test
playing cello,Tti-KHHr7n0,test
playing cello,H5lsx5m8-J0,test
playing cello,f0wq5_MeZAs,test
playing cello,A4SLTdmJ5mI,test
playing cello,Lryk9Xx53DM,test
playing cello,Ss1zpZjEaE8,test
playing cello,LXJi7As633E,test
playing cello,mpEJnnKa6qE,test
playing cello,foFpNHb8-VE,test
playing cello,kAqOjVYlSQ4,test
playing cello,Ad9_fAg7PJM,test
playing cello,1HWgG8qRTbU,test
playing cello,Gpn-Zv-mz9s,test
playing cello,SR1a5VJqF8w,test
playing cello,KF5WlKBE-og,test
playing cello,1zAuAlICCY4,test
playing cello,qFzNPBw6IQo,test
playing cello,SzmltlCOGec,test
playing cello,MsXnQIFU1Ek,test
playing cello,kj8mrYJN1Mw,test
playing cello,hYDlDWcgCkw,test
playing cello,QgKvCb4fCIs,test
playing cello,aMOObhu2HBg,test
playing cello,od2HXuT_NuI,test
playing cello,tOjXDAHkkf8,test
playing cello,Ptrb2XQPyS0,test
playing cello,Q24DAXH5iFg,test
playing cello,0tKmmaze4z8,test
playing cello,s2wmmsa_6uY,test
playing acoustic guitar,A0n8hNljwXI,train
playing acoustic guitar,AyD5j1ueT1M,train
playing acoustic guitar,WTMrgwvE84o,train
playing acoustic guitar,nTfDiporrqY,train
playing acoustic guitar,3bvv-QLykWI,train
playing acoustic guitar,RaB9Lvzrvl8,train
playing acoustic guitar,PoRhdg3tdpo,train
playing acoustic guitar,jvOEwjsb9dQ,train
playing acoustic guitar,kSExMcPi-VY,train
playing acoustic guitar,3q-3H26pipU,train
playing acoustic guitar,g79_f8n8Jso,train
playing acoustic guitar,E6Vr7C8tEQI,train
playing acoustic guitar,9UU_gorVXIw,train
playing acoustic guitar,QOnLbTwpDps,train
playing acoustic guitar,38EQQzHgfxI,train
playing acoustic guitar,XJqL5OiPaSc,train
playing acoustic guitar,2HCGlWxN1Tk,train
playing acoustic guitar,3hyKuLZTxeU,train
playing acoustic guitar,xCL8GEqz4Z0,train
playing acoustic guitar,0dcOangSEr0,train
playing acoustic guitar,-9hqBiuwp2Y,train
playing acoustic guitar,6flSlHmUsns,train
playing acoustic guitar,IjHfakNXy0o,train
playing acoustic guitar,cOgNXgF21u4,train
playing acoustic guitar,hsabG8qlqvE,train
playing acoustic guitar,DgHc1T8lu54,train
playing acoustic guitar,zsQ0i7pO0rk,train
playing acoustic guitar,vLVKUreKf4Y,train
playing acoustic guitar,Zbd4riKmbhU,train
playing acoustic guitar,F6mWHbbuIl0,train
playing acoustic guitar,-d6AgTYFgIE,train
playing acoustic guitar,k_-wxYcr08A,train
playing acoustic guitar,M2UqsVIzkYg,train
playing acoustic guitar,5AhU2NNQEkE,train
playing acoustic guitar,Ts04bBeY1d4,train
playing acoustic guitar,f14Am5fWPgc,train
playing acoustic guitar,USl8uKkrL4k,train
playing acoustic guitar,rs0u_jvw8qQ,train
playing acoustic guitar,5J70h41Og1k,train
playing acoustic guitar,GhuGXLtAkDI,train
playing acoustic guitar,9k5J_gnGjrs,train
playing acoustic guitar,y6C-pAppl5w,train
playing acoustic guitar,gyehr8ORwDw,train
playing acoustic guitar,UoSID1KzWuI,train
playing acoustic guitar,33eBnvK-KmM,train
playing acoustic guitar,S4U-pZkLIP4,train
playing acoustic guitar,BVSIhBbQfaA,train
playing acoustic guitar,3EOXifRUlXA,train
playing acoustic guitar,OyqtK9YCrcU,train
playing acoustic guitar,O2HttJtcec4,train
playing acoustic guitar,iAG3pefH5uI,train
playing acoustic guitar,-qsq2azVqiY,train
playing acoustic guitar,dsZSiHzpiT4,train
playing acoustic guitar,c-tAJpQj5aM,train
playing acoustic guitar,0zCvELXehEM,train
playing acoustic guitar,qTjmvdZ_aS0,train
playing acoustic guitar,KmA5aCnfgqk,train
playing acoustic guitar,0-QsvvBcReI,train
playing acoustic guitar,oIipCw8VTrQ,train
playing acoustic guitar,5UZF3bGoZpM,train
playing acoustic guitar,SnnGDCNyopo,train
playing acoustic guitar,3oiBBirw4H8,train
playing acoustic guitar,k5lYhTZh9iU,train
playing acoustic guitar,13vAOyNqbeU,train
playing acoustic guitar,4uwr6wcM2xQ,train
playing acoustic guitar,2MzD4vOV9fY,train
playing acoustic guitar,1AtqFUuES4U,train
playing acoustic guitar,0kHoNbSRe4Q,train
playing acoustic guitar,vhx3udsBmsI,train
playing acoustic guitar,5aJeARoQW88,train
playing acoustic guitar,-8cgbhIR_pw,train
playing acoustic guitar,0MVpGi3PjaQ,train
playing acoustic guitar,2Kym3-Jvdj8,train
playing acoustic guitar,3c_aHO_WmnU,train
playing acoustic guitar,2xOmzfn_w4U,train
playing acoustic guitar,3VKmBFtGdsM,train
playing acoustic guitar,4Xz-tI0s7jM,train
playing acoustic guitar,3-MSGfTyItc,train
playing acoustic guitar,g1rOKEnX7aU,train
playing acoustic guitar,u1SgT7AUB0s,train
playing acoustic guitar,5-A0aNvkHYI,train
playing acoustic guitar,5b-v6pKHS_8,train
playing acoustic guitar,09BzVkhVfTI,train
playing acoustic guitar,2dQZlFSue0g,train
playing acoustic guitar,-9GRE84DX2M,train
playing acoustic guitar,Iya_HdZbjWs,train
playing acoustic guitar,-StBx31J1As,train
playing acoustic guitar,ntViRkt2LhQ,train
playing acoustic guitar,31z8IVu7F5g,train
playing acoustic guitar,8fggtf8IKYs,train
playing acoustic guitar,hhbg60DCwpc,train
playing acoustic guitar,FddyGJL_SiI,train
playing acoustic guitar,AAcHfp8Ls9c,train
playing acoustic guitar,3i0NqGfX6UA,train
playing acoustic guitar,d8V2ymXACSA,train
playing acoustic guitar,5x92f4H0EfU,train
playing acoustic guitar,rHWpt_yNdvg,train
playing acoustic guitar,mLF3AqXP4E8,train
playing acoustic guitar,b7PrPjeFptk,train
playing acoustic guitar,eoecqWqtUFY,train
playing acoustic guitar,-C96gWRdNVM,train
playing acoustic guitar,64RucYW2F9A,train
playing acoustic guitar,qOpZX6vEWjk,train
playing acoustic guitar,3Q0qZS8IALw,train
playing acoustic guitar,2suUz4Wpg4Q,train
playing acoustic guitar,7z2-2XF1_yw,train
playing acoustic guitar,M_JBp6bDjnw,train
playing acoustic guitar,tmvB-xUOTlo,train
playing acoustic guitar,VUzqG94YMyc,train
playing acoustic guitar,pwBNk4hMkL0,train
playing acoustic guitar,UVkwepLJlZ8,train
playing acoustic guitar,11VKOVeZnRs,train
playing acoustic guitar,mSpQLnVhZqw,train
playing acoustic guitar,erGt-yFjtQQ,train
playing acoustic guitar,11l5PiEsoGY,train
playing acoustic guitar,-O_i9m2l_gA,train
playing acoustic guitar,bLI_0JsjGZ8,train
playing acoustic guitar,ho_PRhIzSYw,train
playing acoustic guitar,r578-_JmuQo,train
playing acoustic guitar,3DCowHr8Ays,train
playing acoustic guitar,1Pb0AcRADZE,train
playing acoustic guitar,Qbwwx2UgS_c,train
playing acoustic guitar,37GqD8NA-ys,train
playing acoustic guitar,KDczq76HVEM,train
playing acoustic guitar,ao-TFiShaWU,train
playing acoustic guitar,I4U3jENeghA,train
playing acoustic guitar,w0fLADELkk0,train
playing acoustic guitar,X_nfMNpw9SA,train
playing acoustic guitar,KJ6YHuwu_Ms,train
playing acoustic guitar,6pKhjGsaLqc,train
playing acoustic guitar,3rf6-9LMshs,train
playing acoustic guitar,V4EcCUwVpT0,train
playing acoustic guitar,IFcg8mEco2o,train
playing acoustic guitar,xFBKXQILeqI,train
playing acoustic guitar,TiC1SrlXsxA,train
playing acoustic guitar,izdOd-bq9HE,train
playing acoustic guitar,0ZIv7FicA9g,train
playing acoustic guitar,-rCiy-9aYTE,train
playing acoustic guitar,DOYONlJplDA,train
playing acoustic guitar,Eb24VvTcl3E,train
playing acoustic guitar,-_S0oXOlgzA,train
playing acoustic guitar,lW0K7gLbl64,train
playing acoustic guitar,1Xnx7lS2OgU,train
playing acoustic guitar,vNQ6ItBAB0w,train
playing acoustic guitar,piXadEmr7rI,train
playing acoustic guitar,hdm26mqvr2I,train
playing acoustic guitar,19uuBu5NW3I,train
playing acoustic guitar,qnlZvCrdqbY,train
playing acoustic guitar,5lmG4QaXfMI,train
playing acoustic guitar,99bIqwVy2l4,train
playing acoustic guitar,3MUeg3nD2OU,train
playing acoustic guitar,t64vcZzsXqY,train
playing acoustic guitar,2yWqFlbuEVo,train
playing acoustic guitar,wufjyxL7fu0,train
playing acoustic guitar,cSUOdtQOmpE,train
playing acoustic guitar,5VU0Kk29rZU,train
playing acoustic guitar,47nG0KLvtZM,train
playing acoustic guitar,5orYrZI-sCU,train
playing acoustic guitar,3dBQbWPOjjI,train
playing acoustic guitar,71Hp0NECTdI,train
playing acoustic guitar,_g3twT5pIzk,train
playing acoustic guitar,cyA2v2FJmRY,train
playing acoustic guitar,E7q_QwLYI8U,train
playing acoustic guitar,1CYhIhw2k0I,train
playing acoustic guitar,myqJzbxvgYI,train
playing acoustic guitar,lMwMCMh4Sko,train
playing acoustic guitar,MfKSVJIcDK0,train
playing acoustic guitar,0lRTO94eWgc,train
playing acoustic guitar,3RWkWpPkj_o,train
playing acoustic guitar,t8_Xwd3jX1o,train
playing acoustic guitar,hUJKYX8g1Uw,train
playing acoustic guitar,fKfoyYLgazw,train
playing acoustic guitar,h9m094-tk8U,train
playing acoustic guitar,GtJmJRgnF9w,train
playing acoustic guitar,tpK9T7Wx7ck,train
playing acoustic guitar,4AQ7CiJBMAg,train
playing acoustic guitar,AgtY6m-b3Gk,train
playing acoustic guitar,0TTAsOj8Mas,train
playing acoustic guitar,1zpuRrxMBHk,train
playing acoustic guitar,rC6TOspqYIs,train
playing acoustic guitar,0ioRPfQzAW0,train
playing acoustic guitar,_WoQwUHx-Ps,train
playing acoustic guitar,GPqVMmVgtp4,train
playing acoustic guitar,11JTJe1Hj2k,train
playing acoustic guitar,hm7YIEWEFFA,train
playing acoustic guitar,5FTHNfV1zFw,train
playing acoustic guitar,zFgJVfBhkYo,train
playing acoustic guitar,7u5kILQm3Bw,train
playing acoustic guitar,gMHIGpt1Y54,train
playing acoustic guitar,3AXQ9Ci4kos,train
playing acoustic guitar,Qkb7MsXKb1c,train
playing acoustic guitar,4YmU3n22Yk0,train
playing acoustic guitar,5Kl-upw_UME,train
playing acoustic guitar,1b4XAv3u-Fs,train
playing acoustic guitar,jwS0c1OHm8g,train
playing acoustic guitar,2hsSLQLQeTg,train
playing acoustic guitar,XngRjNK-kC0,train
playing acoustic guitar,4fr32jhXHQE,train
playing acoustic guitar,8YtNJrOdnl4,train
playing acoustic guitar,aPPNBRdMKZQ,train
playing acoustic guitar,Gn6rQl5u1OE,train
playing acoustic guitar,2LM3QUd4WZk,train
playing acoustic guitar,nF5ezVd5JdY,train
playing acoustic guitar,12eCYoZHQl4,train
playing acoustic guitar,5KMhMiTH588,train
playing acoustic guitar,4lZNAMJTw3E,train
playing acoustic guitar,57eucQqHwJQ,train
playing acoustic guitar,4B-5x4dFaFo,train
playing acoustic guitar,4p1AE2_zsHY,train
playing acoustic guitar,Ailu4Pacxlg,train
playing acoustic guitar,NRwaas0MxIc,train
playing acoustic guitar,5ItLZIOI-Y8,train
playing acoustic guitar,Bw0tyZshCf4,train
playing acoustic guitar,PCCnm5KYPR4,train
playing acoustic guitar,JmMW1frHpik,train
playing acoustic guitar,4e2HikpxgT8,train
playing acoustic guitar,4bYvLmTISps,train
playing acoustic guitar,lM74KrOVr5I,train
playing acoustic guitar,6C_pRHzw9CA,train
playing acoustic guitar,1m54djTB-nM,train
playing acoustic guitar,5a8qOyAPq_8,train
playing acoustic guitar,IwqD859w2_E,train
playing acoustic guitar,2YgtP8V2GII,train
playing acoustic guitar,-mm4g324bU0,train
playing acoustic guitar,qkx-hSARr78,train
playing acoustic guitar,-QYcCxdc5gM,train
playing acoustic guitar,05BlevkBrPg,train
playing acoustic guitar,0-jvBXFUcEw,train
playing acoustic guitar,IKHgv7lcAPQ,train
playing acoustic guitar,tS7yz5kz4Ok,train
playing acoustic guitar,g66s7vmfDsg,train
playing acoustic guitar,k1L53dWa9H4,train
playing acoustic guitar,ss3W8CQWfQY,train
playing acoustic guitar,1CZrn5Ma1sU,train
playing acoustic guitar,2F_KLtfLZRM,train
playing acoustic guitar,00Ud7c2WEoM,train
playing acoustic guitar,323nSwTApLo,train
playing acoustic guitar,YJbWoS6JGGA,train
playing acoustic guitar,MPe6ztPtF0Y,train
playing acoustic guitar,02mPLSkKHA0,train
playing acoustic guitar,NuYqMjSnjuI,train
playing acoustic guitar,FImoR2zbanw,train
playing acoustic guitar,0dbb7RX2K60,train
playing acoustic guitar,-f7v4HQrYjY,train
playing acoustic guitar,FwBOKR0K8J0,train
playing acoustic guitar,BfkiflJI5nA,train
playing acoustic guitar,1GZL70qcUzA,train
playing acoustic guitar,4MgnDBtTX_k,train
playing acoustic guitar,0tddBX9hYLA,train
playing acoustic guitar,0sP5oxUIwPs,train
playing acoustic guitar,76IjfQZqmVE,train
playing acoustic guitar,-m7GnVjjabs,train
playing acoustic guitar,zfgwzbQToLA,train
playing acoustic guitar,74H0yyNMcXM,train
playing acoustic guitar,4r3cnueH214,train
playing acoustic guitar,zJy6ZdFc5Pk,train
playing acoustic guitar,383EY8rR_VA,train
playing acoustic guitar,LZSQDZ1B5-o,train
playing acoustic guitar,Xl51ePRf3a0,train
playing acoustic guitar,388t0Zw9ZEY,train
playing acoustic guitar,RSryuuvUfDM,train
playing acoustic guitar,dBw3NBpyCbU,train
playing acoustic guitar,5odxxPOZqw8,train
playing acoustic guitar,3ESBQNW6_Nc,train
playing acoustic guitar,4O1lgYRaBR0,train
playing acoustic guitar,-ZpUc4_zXHQ,train
playing acoustic guitar,O51iEZNR4b4,train
playing acoustic guitar,unFWOpwJZRY,train
playing acoustic guitar,QUO5sg8wdmQ,train
playing acoustic guitar,-FcB1UrcL0E,train
playing acoustic guitar,5ts3DbwbcLc,train
playing acoustic guitar,4WyhKfy7zHU,train
playing acoustic guitar,5mZOFgqvHXM,train
playing acoustic guitar,1ermtyNrbP0,train
playing acoustic guitar,qxl2epHHO8c,train
playing acoustic guitar,I47pwNQgi2s,train
playing acoustic guitar,hjDbdHVHj-g,train
playing acoustic guitar,If1yxmaJ14M,train
playing acoustic guitar,3uRRvfJ3CV0,train
playing acoustic guitar,-BpgDEXKdx4,train
playing acoustic guitar,UHwrrEDANKc,train
playing acoustic guitar,o6r8dkRSBEI,train
playing acoustic guitar,2djYfdmB6Mk,train
playing acoustic guitar,7-714VEDqAc,train
playing acoustic guitar,6i3ZRRbTB2w,train
playing acoustic guitar,bng_S34aLqs,train
playing acoustic guitar,1Km75ygL5DI,train
playing acoustic guitar,xaPunzw-iTg,train
playing acoustic guitar,8w-V_hYvxXs,train
playing acoustic guitar,5ozIHcsN2RE,train
playing acoustic guitar,9uyKehkRd3M,train
playing acoustic guitar,9xV0nmojVeg,train
playing acoustic guitar,245PuBj1EU8,train
playing acoustic guitar,G09Nk4PJSvI,train
playing acoustic guitar,p20OCXYeyS4,train
playing acoustic guitar,tADAjkK0SBs,train
playing acoustic guitar,AACLlCJWMwQ,val
playing acoustic guitar,E5eXRcrX5ME,val
playing acoustic guitar,O0PkDqNF7-Y,val
playing acoustic guitar,xKJO2tEFFZg,val
playing acoustic guitar,3FUn-MHO7Gw,val
playing acoustic guitar,wHw2tlml944,val
playing acoustic guitar,9QskkBSj99A,val
playing acoustic guitar,9HcgbN7m8TY,val
playing acoustic guitar,FB4JJfBqrzI,val
playing acoustic guitar,3aRcjtzxsGQ,val
playing acoustic guitar,E3wxn8swSOA,val
playing acoustic guitar,C2kKMjYETRQ,val
playing acoustic guitar,xW5FMKw7rHk,val
playing acoustic guitar,pWbUhSAI04w,val
playing acoustic guitar,fK5UcGq7C9I,val
playing acoustic guitar,kVdSLudMew8,val
playing acoustic guitar,L3FlG2uJgY8,val
playing acoustic guitar,-WJkFOXOqFE,val
playing acoustic guitar,9O_MsmwPUKM,val
playing acoustic guitar,-G08iN_t2QQ,val
playing acoustic guitar,4ki73zg038Q,val
playing acoustic guitar,QEUTjFpOIgw,val
playing acoustic guitar,nt1_2Fu-hIg,val
playing acoustic guitar,--yJcmmwiMc,val
playing acoustic guitar,0g7LdehGzkc,val
playing acoustic guitar,mXvLi18xImM,val
playing acoustic guitar,-12PNUDVUjA,val
playing acoustic guitar,Apn5Q431cxo,val
playing acoustic guitar,39Bl-mzKgf8,val
playing acoustic guitar,4VLVqii0fa8,val
playing acoustic guitar,2AYMWvUkIYs,val
playing acoustic guitar,oDMbAGFPi_I,val
playing acoustic guitar,v2wIMOrmdxg,val
playing acoustic guitar,ZqmjYTayits,val
playing acoustic guitar,DroAzooK4yw,val
playing acoustic guitar,lxoa-vAV7z4,val
playing acoustic guitar,2-hfyGTLwsI,val
playing acoustic guitar,74p3DLeDCHE,val
playing acoustic guitar,RQmdXi_s9_o,val
playing acoustic guitar,5gcqJAGZoVs,val
playing acoustic guitar,ysz9RewNu5Y,val
playing acoustic guitar,47SSLZSpkjU,val
playing acoustic guitar,zcPGwsX1000,val
playing acoustic guitar,228Bxiq91SI,val
playing acoustic guitar,5MvaynDCfbY,val
playing acoustic guitar,EIzBD62ja8E,val
playing acoustic guitar,4avWn7zL2Fo,val
playing acoustic guitar,VOWGbyg4KZY,val
playing acoustic guitar,om1VEaQ00EU,val
playing acoustic guitar,4lzKsazb254,val
playing acoustic guitar,5X7pA8x_fCo,val
playing acoustic guitar,5e6oOAczGeI,val
playing acoustic guitar,bLiDR2nMZ7E,val
playing acoustic guitar,3MBsdrNVMCs,val
playing acoustic guitar,mthH4ZsqFTs,val
playing acoustic guitar,0RL4VVwvuyQ,val
playing acoustic guitar,081Cy9LxZiQ,val
playing acoustic guitar,0WhHTKvpUc8,val
playing acoustic guitar,5pD1F83TATo,val
playing acoustic guitar,0MbqYcPAnvw,val
playing acoustic guitar,2QDrQEI1AJY,val
playing acoustic guitar,4x59gQJ_MgM,val
playing acoustic guitar,2IuBaICCI4U,val
playing acoustic guitar,1XAkMV93_IE,val
playing acoustic guitar,qN7BL99UW_k,val
playing acoustic guitar,p_SLOBER-Cw,val
playing acoustic guitar,DWumfOF-SuM,val
playing acoustic guitar,2S06RG9jQXM,val
playing acoustic guitar,KIZ-Lds-aZ0,val
playing acoustic guitar,-QjYRWTAMhM,val
playing acoustic guitar,wfG5n5hmOy8,val
playing acoustic guitar,-LrNmB50-nA,val
playing acoustic guitar,rwwYSCDGjB0,val
playing acoustic guitar,ouFSeUZY9K0,val
playing acoustic guitar,4JvBVEBTyUM,val
playing acoustic guitar,13HmZKDTOsw,val
playing acoustic guitar,A9gTk3GIp_U,val
playing acoustic guitar,-BFcExBQfAk,val
playing acoustic guitar,LagdEUQnWUU,val
playing acoustic guitar,xTPW4IZpk5k,val
playing acoustic guitar,3HEMX-K-i2g,val
playing acoustic guitar,1oiluHw_MZs,val
playing acoustic guitar,JB9-g2lNSCo,val
playing acoustic guitar,6eOYjPptE-w,val
playing acoustic guitar,66d9D72H0cI,val
playing acoustic guitar,86ENk4tUv28,val
playing acoustic guitar,mSGrH6PcdYQ,val
playing acoustic guitar,vgbtA4hNdBo,val
playing acoustic guitar,-zbs9iexPXU,val
playing acoustic guitar,3jRDowVp0T8,val
playing acoustic guitar,4QO6nQvh4rk,val
playing acoustic guitar,mg-vraP4VkI,val
playing acoustic guitar,3N3sKn5w5oU,val
playing acoustic guitar,5j2qenQrKgM,val
playing acoustic guitar,2VGEicl5dMQ,val
playing acoustic guitar,Te31v1DtrDI,val
playing acoustic guitar,31uxWvQ3zbw,val
playing acoustic guitar,vgYjTsOWTRk,val
playing acoustic guitar,0GXAEv4sa_U,test
playing acoustic guitar,fiQWq1aRKRY,test
playing acoustic guitar,jPwLwys6hJA,test
playing acoustic guitar,C-5TkLAEk0U,test
playing acoustic guitar,2YIODu5t1Ao,test
playing acoustic guitar,qanMl48gH24,test
playing acoustic guitar,0jxMP_iGilI,test
playing acoustic guitar,4i-iua3hAG0,test
playing acoustic guitar,dPAQhLQc8W0,test
playing acoustic guitar,4z1iIHvWv38,test
playing acoustic guitar,1lR94pjkbm8,test
playing acoustic guitar,s5gyuG78XHk,test
playing acoustic guitar,07-xP_bWoDY,test
playing acoustic guitar,zQSU7T9ysAA,test
playing acoustic guitar,chJ-CVAmQc8,test
playing acoustic guitar,P7m6Ylvo6T4,test
playing acoustic guitar,6t8vlSAkuqQ,test
playing acoustic guitar,9Mft5-qS614,test
playing acoustic guitar,av80kGAgfbw,test
playing acoustic guitar,vsByozhNvXk,test
playing acoustic guitar,qdBLI6tGaB4,test
playing acoustic guitar,-OBtV-0Pvfw,test
playing acoustic guitar,SuN-Mmucd0Q,test
playing acoustic guitar,xH4Ynfik-ps,test
playing acoustic guitar,Lfmcj5VW6VE,test
playing acoustic guitar,mz1TX5pQ0QM,test
playing acoustic guitar,052s5vlSKn0,test
playing acoustic guitar,2x7svq5vrAQ,test
playing acoustic guitar,wgvFxrxSQK8,test
playing acoustic guitar,2kTmC2N8h68,test
playing acoustic guitar,XiYYpyg785o,test
playing acoustic guitar,-vJw-B41tXA,test
playing acoustic guitar,Mu7FiOAxTeo,test
playing acoustic guitar,DVuWm53IlVw,test
playing acoustic guitar,66Nv3tou3aA,test
playing acoustic guitar,u98MLtdZxWQ,test
playing acoustic guitar,-jFHr-IveOw,test
playing acoustic guitar,3US58Noi7H0,test
playing acoustic guitar,V-FKx9iqyYA,test
playing acoustic guitar,hb2k_Kjcxf0,test
playing acoustic guitar,3c3bvoDlyjM,test
playing acoustic guitar,-FLztWOwCRI,test
playing acoustic guitar,-RQsgdKdmoo,test
playing acoustic guitar,me6k2f6szoI,test
playing acoustic guitar,_6SuxEctcO8,test
playing acoustic guitar,BNegPkBeFgA,test
playing acoustic guitar,XHDcZUXPtcI,test
playing acoustic guitar,sbjyHLC3z0U,test
playing acoustic guitar,cvs6pccsDik,test
playing acoustic guitar,-Yrb1onhsnE,test
playing acoustic guitar,9PZXernzQFw,test
playing acoustic guitar,tQqJOfRZ8kA,test
playing acoustic guitar,88V1Twm4Mqc,test
playing acoustic guitar,MqlTaD2b8rM,test
playing acoustic guitar,-IY3C-2iG7w,test
playing acoustic guitar,TdWIhoQycTc,test
playing acoustic guitar,xv6oXpoajFA,test
playing acoustic guitar,DeTlikh6B6k,test
playing acoustic guitar,dpzjpWyNuKY,test
playing acoustic guitar,jm_4pdMWkyA,test
playing acoustic guitar,furlMtpxZNo,test
playing acoustic guitar,p6I2yJXwwwE,test
playing acoustic guitar,3WwxA3awisw,test
playing acoustic guitar,1Q7eUdwHtgE,test
playing acoustic guitar,tpD4HYQ_Xeo,test
playing acoustic guitar,dqJSTTS7HTY,test
playing acoustic guitar,Ek3MZQiICuY,test
playing acoustic guitar,3rM4ei3UApQ,test
playing acoustic guitar,5NQIoNtrnYw,test
playing acoustic guitar,69WV_0y4AOw,test
playing acoustic guitar,7JNCVMNJ0Mw,test
playing acoustic guitar,gdXPvNeZ000,test
playing acoustic guitar,3p1aDdoCTqo,test
playing acoustic guitar,3MK31PrLjps,test
playing acoustic guitar,3yedSgs2tQg,test
playing acoustic guitar,3ukB0zJoKg4,test
playing acoustic guitar,BRhvg3c0Jq4,test
playing acoustic guitar,5Uc9Vx-dNKA,test
playing acoustic guitar,q1enmXbV-BQ,test
playing acoustic guitar,g8gWl1Um7S8,test
playing acoustic guitar,iEiim8reoKU,test
playing acoustic guitar,NY9oLlhrymA,test
playing acoustic guitar,L_W7twEvnws,test
playing acoustic guitar,nsc5K2ebrRc,test
playing acoustic guitar,8UxS6Xt8F04,test
playing acoustic guitar,HqEtZGXtJnQ,test
playing acoustic guitar,hsxxxA-l-Qc,test
playing acoustic guitar,1AiFHvVy5Ng,test
playing acoustic guitar,1-3d72LSuTA,test
playing acoustic guitar,7G97_TZvvvQ,test
playing acoustic guitar,-tR54w2GEOk,test
playing acoustic guitar,-_9NSq4U3nw,test
playing acoustic guitar,4ouDRNzMlOI,test
playing acoustic guitar,2_zlYie952k,test
playing acoustic guitar,EQVZLtlDkHw,test
playing acoustic guitar,WbnCVknJgl4,test
playing acoustic guitar,-zs-euLsFTY,test
playing acoustic guitar,oULaufJdyv4,test
skiing,fGAEfj8_DJE,train
skiing,pXxTz9z4t8w,train
skiing,FNADrZNlI-c,train
skiing,qIB1V8O_bOo,train
skiing,NoLIimBJ2J0,train
skiing,aB4JjAjH06E,train
skiing,WAgUue9h_98,train
skiing,UeaS_w3RgiE,train
skiing,yrmbS6QEM8w,train
skiing,9LZ_2-xbWHI,train
skiing,381QiXqMk-o,train
skiing,lI79x1IsZzI,train
skiing,MvQxVE32BQo,train
skiing,8JDvpSlcvLk,train
skiing,KMT56D8qtYo,train
skiing,cX0a1KvR-o4,train
skiing,0LRk9jL4PbQ,train
skiing,ci6XqAg-9Lc,train
skiing,eTRGAqXVvoA,train
skiing,NDU7jVFTRgE,train
skiing,8OokDQbPS2A,train
skiing,_WWFL_zSkWA,train
skiing,Z4PNfJB1S_U,train
skiing,qpR4yqIHbU0,train
skiing,hu0Vlr2-Nmk,train
skiing,EFw1WP6rFDc,train
skiing,ruBWIB8rWQA,train
skiing,M1NpzvKtOv0,train
skiing,ebtGRvP3ILg,train
skiing,P9ZeL4TupYA,train
skiing,cdWJu7wM7_4,train
skiing,DeS29Nk6CFg,train
skiing,y0QF3DpLLt8,train
skiing,sKwBiTQgOVQ,train
skiing,h3FpHJbMrO0,train
skiing,EXQ9TRBDtcY,train
skiing,X7cr7O1AsgU,train
skiing,5tyZirK3W_c,train
skiing,HgotF15JrkI,train
skiing,Ceeys4960Sw,train
skiing,3phypxzGQPI,train
skiing,KPA7QrEWO2s,train
skiing,hBUJsaHhiks,train
skiing,hcKRBwr6Pbs,train
skiing,C8UHQPm62ZQ,train
skiing,uPMN5IGCbug,train
skiing,Lgp2PgROBsM,train
skiing,IC2FODu6bt0,train
skiing,Os3m5citoP8,train
skiing,edyApoNN6Eo,train
skiing,HiT5sHl-Z-c,train
skiing,7CFReMTSgrQ,train
skiing,zTq_Z1aPFvk,train
skiing,Pr4F5TCvZfs,train
skiing,TdJu6gXS7Rw,train
skiing,MfAKvbAOmFw,train
skiing,GHnlrWe3DSA,train
skiing,Ikw3jQG28bI,train
skiing,yua8SgOT5x0,train
skiing,2hV9-B1lD3c,train
skiing,5Y6990Vk8N0,train
skiing,Z6-8Y-NzlbA,train
skiing,_sKNeGaPbWo,train
skiing,60jaJRwLGL8,train
skiing,Wl57VxCTaCc,train
skiing,LTMpqJNTDGc,train
skiing,bIvtrvORpuQ,train
skiing,q-LsACkbcFw,train
skiing,G1R4YuADh_s,train
skiing,K5bJzHksuhM,train
skiing,6enRSeKUIzo,train
skiing,ikn8T6srnzs,train
skiing,I7gxE9VFb90,train
skiing,bUILrwn402c,train
skiing,I2592mmR_Tg,train
skiing,LWOBZHHtC_o,train
skiing,4sjX9X9JeFQ,train
skiing,RoKx3X5tdV8,train
skiing,WAEfVriQp6g,train
skiing,FeLEyxfcXFU,train
skiing,Pgi61qnTKfE,train
skiing,zpFBlBJHvaM,train
skiing,ucZXyXBi04k,train
skiing,pgw1xkCjyCI,train
skiing,avW49p58CoM,train
skiing,_jmgOxvIg5s,train
skiing,Q78Z8aQQI-Q,train
skiing,4LxnsCJkriE,train
skiing,Wzq2BcjYd_A,train
skiing,binVbFH3LPU,train
skiing,WOae5YwwTTE,train
skiing,tcDQI3j8hdM,train
skiing,Sb0Paumf4iU,train
skiing,259fCEirTYg,train
skiing,US6mb4dWCak,train
skiing,0piE7SWRhDU,train
skiing,kTlaHc6k4Nw,train
skiing,8n-1ZskK340,train
skiing,NE6mPgK2pM0,train
skiing,dBgbR_HQ9rM,train
skiing,BJldV1OrwlA,train
skiing,oqMJVQWOd0o,train
skiing,3h1bhkzEA_g,train
skiing,TaYiqiSD_HA,train
skiing,GRGpMhgMI18,train
skiing,zQSRrvz-Hjc,train
skiing,6iuC1VLuP58,train
skiing,i9L63ZlFUOM,train
skiing,GnPMZhKULYo,train
skiing,iY8a86l8Vto,train
skiing,X-I6fqoUDog,train
skiing,9YWozKT3ibU,train
skiing,1sAzGy0ckeY,train
skiing,BwjzHIm9Ed8,train
skiing,piNRRg7WuG8,train
skiing,-wHYt6692rw,train
skiing,JKYkrpF5frU,train
skiing,0DioVNaipVI,train
skiing,buxkh1aEaQ8,train
skiing,2SJLfKgE4TI,train
skiing,-kGoHJdcdFc,train
skiing,gk-fN4y5XM4,train
skiing,txZXP4tRRS4,train
skiing,Y6-DCQKj1u8,train
skiing,eBrgX5-_Io0,train
skiing,8rOQ3JqSfGs,train
skiing,MWoK4Wyrzy0,train
skiing,ZnuyXHfHuXE,train
skiing,VHmYSrG5N5U,train
skiing,hSqlHNcOl3g,train
skiing,6xLyQ61UFHg,train
skiing,jmx66VGps9c,train
skiing,U1ApiNr23Q8,train
skiing,0-EsjvW8aWM,train
skiing,f-lwYgzk-JU,train
skiing,huibY8bodPY,train
skiing,z7_GMnHZ87U,train
skiing,LkaSXsVk2_A,train
skiing,OwjrPjoK3_8,train
skiing,RFsrwmjvGhU,train
skiing,akOP9DILXrU,train
skiing,NzOjByKYEZ4,train
skiing,B-2jDYJOBug,train
skiing,PVlHAhDRc78,train
skiing,ztTsKk1Fxgg,train
skiing,kIQ5BaIpXAo,train
skiing,hB7i7_WunIU,train
skiing,WmdAGcaop4Q,train
skiing,g1DfaPNb95w,train
skiing,KgWa_E6u3RE,train
skiing,zY0STuoFQ4Q,train
skiing,8EGN6AAs8U0,train
skiing,wh03avFHiCM,train
skiing,DTknpR3yFqA,train
skiing,CXflSD-v3rM,train
skiing,o69Nyx3Ezs0,train
skiing,NE7oOx2pT0Q,train
skiing,_Bad_rJ-Xs0,train
skiing,Qui9wrgV5ds,train
skiing,VxD1J2mL_W0,train
skiing,RAja-YUdNWo,train
skiing,wAmrXgZODbU,train
skiing,A0Jgjdcys6U,train
skiing,YjW-yadh-bo,train
skiing,DVdglD-2SSw,train
skiing,hb_R-HgAoDY,train
skiing,BmQ4UrBg7OA,train
skiing,bVqLqg8ZOzA,train
skiing,YALXTnZ2iVA,train
skiing,3GSSSpgsfKk,train
skiing,TGUq2UtjOLg,train
skiing,RdneL7MrTSw,train
skiing,3TkE9aM2xiQ,train
skiing,pZHS-bXxFbo,train
skiing,Db6aBqbgVdY,train
skiing,nZQhjrXz8qg,train
skiing,nhsS1lnC9xc,train
skiing,qco9BqNjGy0,train
skiing,8ZjsVmFPL5c,train
skiing,lO_uzAzmPPs,train
skiing,pGfLRwCARsI,train
skiing,ekvmC6vCD-o,train
skiing,LVtv2kuDb6U,train
skiing,N4z6fdtzIfA,val
skiing,aqlnDYyA6vQ,val
skiing,epsI6uijYbY,val
skiing,kKyiN4moPfo,val
skiing,FLwualktyac,val
skiing,jb28u-YoO-Q,val
skiing,oLHlc-8PSJQ,val
skiing,50ZcaxfOzy0,val
skiing,M_bkeINrubE,val
skiing,wayz9whLpNU,val
skiing,JUSHwzchpFA,val
skiing,MvbHsvPIt7M,val
skiing,k4c_CNhfSiA,val
skiing,QtJa-IEWWG4,val
skiing,u8MsZjND2gw,val
skiing,KzrswsO7_xU,val
skiing,ZpGLy-FyOc0,val
skiing,g8gjQW2PGFI,val
skiing,7Bty-_Fodj8,val
skiing,UkmrcpCFcsI,val
skiing,-65qg6AidDE,val
skiing,f2NygdfmYIs,val
skiing,luAwKm7OnsE,val
skiing,JucojXTHuWY,val
skiing,1W51L9WozWk,val
skiing,T98DD8-dFdw,val
skiing,DsalkMgfVeU,val
skiing,utFbjheDC-Y,val
skiing,Tq6BzVMfbg4,val
skiing,jarc5U7yQCY,val
skiing,77rrMbwxgrM,val
skiing,3HI0PrAXFYM,val
skiing,kM8JlcolyuQ,val
skiing,ihzI8nJ0PnM,val
skiing,WopqtVwdLYs,val
skiing,lnwYaorKM7Y,val
skiing,n2lo4Des5IQ,val
skiing,H93GpWEUPDs,val
skiing,2gxcjQubwhQ,val
skiing,r2vM6yWztvk,val
skiing,8ZqNJ4ZwS2Y,val
skiing,A9eqjQqHEOw,val
skiing,m1YY3h_vCGM,val
skiing,HgqRiglHTLs,val
skiing,padFN7ke-wE,val
skiing,23sBvFpf-II,val
skiing,-I_BmSTd6AA,val
skiing,N0zHHcwkQHk,val
skiing,1kW5EvTD_-s,val
skiing,2GkWMzp6CSo,val
skiing,pqCySqmhVwQ,val
skiing,dOsvQEPc5po,val
skiing,Rn7C88r3b7A,val
skiing,95fkHZ9H5Yw,val
skiing,IfIoiRhEmU8,val
skiing,tcq-oPHEwaY,val
skiing,iHlnfCTawjo,val
skiing,wdtqtQNxKbY,val
skiing,qvETVlQ-n98,val
skiing,i1Fk0RT1Zzs,val
skiing,rG9I27zBosY,test
skiing,_Ga0FczLewc,test
skiing,5noDRUyjf-I,test
skiing,lGEosE1mwxU,test
skiing,DGlw4v5AJ1g,test
skiing,Ws-KzZo_Ezw,test
skiing,_MhpIsfqNL4,test
skiing,TkTpYVcb3JA,test
skiing,8TNLqJ0dJDA,test
skiing,ZHurva_B8iY,test
skiing,49O2SmEP6X4,test
skiing,uX6-CvmLtHI,test
skiing,gdrXDL_exmA,test
skiing,c-W1TYLOLmE,test
skiing,NHrwcQQ38bA,test
skiing,iQGgmDg9n7k,test
skiing,kAacJgqlzkY,test
skiing,Y3wxXj5QFow,test
skiing,GXfofPLFCnU,test
skiing,lK8yByGzJ5k,test
skiing,VpNdJI2Zym4,test
skiing,KLLXwetmNmE,test
skiing,-0hh8Yp02FU,test
skiing,pwDsYbLcslY,test
skiing,SGyWEJ5NnoQ,test
skiing,31HwGGZE9jU,test
skiing,SqgQazKs1IQ,test
skiing,kDC3lGuT8Z0,test
skiing,ONKqM7ga6_8,test
skiing,N5JsirC_rBo,test
skiing,ji0qGZdoiGk,test
skiing,l-xXK36FI80,test
skiing,txTcp8VGnLs,test
skiing,tZj9vMpX83w,test
skiing,VVvTGDcG6-U,test
skiing,wY33vzHzTko,test
skiing,ebBAgYgS2FQ,test
skiing,I-ViNpQf53k,test
skiing,n9EQ8Mrq8_8,test
skiing,MHu7IYl3Zy8,test
skiing,Pa0oHNLU0Xk,test
skiing,55C3nGBxBnQ,test
skiing,0TuhcsOwEEs,test
skiing,mS5vRtKv0zE,test
skiing,FiRJ8nvooKQ,test
skiing,C-fm5x6rPwA,test
skiing,ibjwrgRaIes,test
skiing,hsS6uVUbrBs,test
skiing,aEXZAi8EwEQ,test
skiing,QFovsFrNNfw,test
skiing,NL_YbLLrvaI,test
skiing,9guUoWDHqZM,test
skiing,kynkNvRy9SM,test
skiing,MJpuDZxhNws,test
skiing,phMBJ4j0vBs,test
typing on typewriter,Pbykt6qWaOQ,train
typing on typewriter,5ln9MKLxl6U,train
typing on typewriter,K1egQD_ai4c,train
typing on typewriter,mRsQqwijf58,train
typing on typewriter,HBn163g6iQE,train
typing on typewriter,zvavBLng6CE,train
typing on typewriter,AW-JhveJXFw,train
typing on typewriter,LpoBrR9TSaw,train
typing on typewriter,VrimREPrM_o,train
typing on typewriter,dqvbJLNW8cI,train
typing on typewriter,TWRgkhfh-ro,train
typing on typewriter,RFAaevwmafs,train
typing on typewriter,c-_S5Tt-gbw,train
typing on typewriter,CpTWfAY_yMg,train
typing on typewriter,4I1xyLkf0vI,train
typing on typewriter,meTZeSm-QXM,train
typing on typewriter,joQ0iPuXrjQ,train
typing on typewriter,Uv67DCmD-X0,train
typing on typewriter,Z09wmiI98II,train
typing on typewriter,fojdyF_3m4w,train
typing on typewriter,6IVgiOqOtrk,train
typing on typewriter,A85Zd8cIBwE,train
typing on typewriter,Pzj3929ka4c,train
typing on typewriter,lu01J0-Jpsc,train
typing on typewriter,DK2BdmqmjAg,train
typing on typewriter,IG2MM3AYP9E,train
typing on typewriter,__JkYUrIglg,train
typing on typewriter,r85zlEAPhqw,train
typing on typewriter,DR8wsqJ68uk,train
typing on typewriter,jWqqtybjzXE,train
typing on typewriter,AK-WDwQsXPY,train
typing on typewriter,qg6D-7KheiM,train
typing on typewriter,TT8xhjDC3Cg,train
typing on typewriter,V8ejboXbLHg,train
typing on typewriter,foR6o-5czLg,train
typing on typewriter,A-bGGHMIiIo,train
typing on typewriter,hizN7823a6c,train
typing on typewriter,YFbEMURjmRM,train
typing on typewriter,2xSTlRAJHUw,train
typing on typewriter,53QEev14w2E,train
typing on typewriter,uIsNtXye_Q8,train
typing on typewriter,c7qVjd4ow-o,train
typing on typewriter,6F7x1cBnlz4,train
typing on typewriter,ri62f10f4x8,train
typing on typewriter,7m7PAm4uKNY,train
typing on typewriter,VP2WctM2tzU,train
typing on typewriter,IfDKGqkjIfU,train
typing on typewriter,5UQOElltRzo,train
typing on typewriter,cLRZd6MhTdg,train
typing on typewriter,h_tdr4t6unw,train
typing on typewriter,GrnNUYQ8OQQ,train
typing on typewriter,xjJ4_w3wtJY,train
typing on typewriter,ucC4clgPd4Q,train
typing on typewriter,Ota5gx9Axq8,train
typing on typewriter,KyF2fVplaWQ,train
typing on typewriter,mlQcEXLki9Y,train
typing on typewriter,8EYWMAUKRHU,train
typing on typewriter,NxunNTZqlIA,train
typing on typewriter,YbmhCO0it2Q,train
typing on typewriter,e42ylHtkQ5M,train
typing on typewriter,kLySMIzASNE,train
typing on typewriter,F9_g1qi6sbk,train
typing on typewriter,TIDE1ldJqvE,train
typing on typewriter,R6WSbfXcRQ8,train
typing on typewriter,75yifjn7bHo,train
typing on typewriter,7VAH9qpIB-E,train
typing on typewriter,Mqt8ixEQwKY,train
typing on typewriter,KRwxd7B2JE8,train
typing on typewriter,I4_cuFy_SHc,train
typing on typewriter,w2xNViWSlsI,train
typing on typewriter,ULH42C1VVVw,train
typing on typewriter,hkUhMQU2IoY,train
typing on typewriter,PXItSEVgUYs,train
typing on typewriter,HFQsjUx6SbA,train
typing on typewriter,ZcAfLX42mjQ,train
typing on typewriter,2O_OoDVudIU,train
typing on typewriter,rxxZY4rkCXA,train
typing on typewriter,mCyvq9TF5Ms,train
typing on typewriter,0mu0HoTltgs,train
typing on typewriter,TsZ4WOu3Ed8,train
typing on typewriter,pqEgWe9Yvgs,train
typing on typewriter,9LtcRaOhMuo,train
typing on typewriter,fHdEaNT0gA0,val
typing on typewriter,aS1Ej3SDg38,val
typing on typewriter,W5JjxZWoQ4Q,val
typing on typewriter,tH9oOH2KiXc,val
typing on typewriter,NwWdqtapeqM,val
typing on typewriter,Awmx8XlgcaE,val
typing on typewriter,jorMQZCIIvs,val
typing on typewriter,BbVoVbQHoXo,val
typing on typewriter,7QmID3d3oNo,val
typing on typewriter,ZJIgxpYf20I,val
typing on typewriter,garl3xilp_o,val
typing on typewriter,_CQp7qLaUJY,val
typing on typewriter,c40hgtfiYm0,val
typing on typewriter,UJ9xKsKaKAA,val
typing on typewriter,kUvSPJkuNWE,val
typing on typewriter,jaK5VEN7fKY,val
typing on typewriter,sLEEurjCsAY,val
typing on typewriter,2O4DHfZ5fTw,val
typing on typewriter,bFGt4h1asaI,val
typing on typewriter,ejnZ6u0aaDM,val
typing on typewriter,CxBGzI3eqcc,val
typing on typewriter,svzPm8lT36o,val
typing on typewriter,CyQ5KpFI5A4,val
typing on typewriter,w7tIZWB1K7o,val
typing on typewriter,vNUEUth7qjc,val
typing on typewriter,CRdma6NINIw,val
typing on typewriter,GpyOagumVKY,test
typing on typewriter,rNFMqYX46Rs,test
typing on typewriter,26dte2lRy-Y,test
typing on typewriter,r6ssLI51RZ4,test
typing on typewriter,r4EiF70842U,test
typing on typewriter,hNPHD5pS0rw,test
typing on typewriter,lLA4g7ud4-o,test
typing on typewriter,9WlAkKRYgRg,test
typing on typewriter,H6anXDvnv1M,test
typing on typewriter,Phxfv6wlrMk,test
typing on typewriter,6ig40_lJSiA,test
typing on typewriter,mfQLfxBMu4o,test
typing on typewriter,0km0oa8TnBY,test
typing on typewriter,E6etidN4M8k,test
typing on typewriter,nvlxwDfEbI4,test
typing on typewriter,IslaWapZqhk,test
typing on typewriter,Jcxg_QuHyYE,test
typing on typewriter,m8kXWWyJ_Fw,test
playing table tennis,2eyH2sIwmvU,train
playing table tennis,ysSMuC3Y08s,train
playing table tennis,DSyFGJCRt_c,train
playing table tennis,XDi6UqCxg50,train
playing table tennis,VSR5fU_zRx4,train
playing table tennis,3ErwVQwWTjg,train
playing table tennis,5KNnaz7yGGk,train
playing table tennis,IWI666vxIt8,train
playing table tennis,oGDp2g31cr4,train
playing table tennis,q7kXpTWJ7r0,train
playing table tennis,9Iysfjeby7Y,train
playing table tennis,c8jK8F4uFYs,train
playing table tennis,Sm2FFJL084M,train
playing table tennis,njq-xsnhQl4,train
playing table tennis,M8zR0tBpnrE,train
playing table tennis,LFcXCu-2n18,train
playing table tennis,5PTIdvTDCgY,train
playing table tennis,zQZCqeOKJpk,train
playing table tennis,jfak1VQxQNc,train
playing table tennis,W99o88s36FI,train
playing table tennis,b3E5uF97NtA,train
playing table tennis,o6g58imTXjM,train
playing table tennis,yvAvZCjqH2I,train
playing table tennis,A7kiWTT0v3U,train
playing table tennis,cO6rmnUVQ6g,train
playing table tennis,1F21UFJiB0c,train
playing table tennis,bYp8aPkbEGc,train
playing table tennis,M5wXWzusHao,train
playing table tennis,ZG5YANGIPa0,train
playing table tennis,AliSNrQrW0Y,train
playing table tennis,jbFTmpM4kMU,train
playing table tennis,JQ_IU5Hktsw,train
playing table tennis,m0Ynbjyk334,train
playing table tennis,H1ZhsY35zO0,train
playing table tennis,p_bDVDgMnCk,train
playing table tennis,pmA7oFDQBRg,train
playing table tennis,ot06ogMCfhU,train
playing table tennis,_2psHEv3EkQ,train
playing table tennis,Tfj3_pJLdjM,train
playing table tennis,sNK0nGh7A2M,train
playing table tennis,WEgN6_yVI00,train
playing table tennis,AZtKJ6Uq70o,train
playing table tennis,N9N4AZXwWaM,train
playing table tennis,C56TgRgwZpU,train
playing table tennis,rxCLJF7x4wg,train
playing table tennis,qIbMFE8-OKM,train
playing table tennis,IVdazTeNu08,train
playing table tennis,QhnmusSwRZs,train
playing table tennis,7sJCu2b4rY0,train
playing table tennis,x-V4UtSitcE,train
playing table tennis,PCv4T1ZefUg,train
playing table tennis,D9raw_QwzOM,train
playing table tennis,Dzr9P769ns4,train
playing table tennis,ro_AcM_N-rE,train
playing table tennis,_Ug35icHaLY,train
playing table tennis,tq_6qXm2ZF8,train
playing table tennis,gu77QkrIwuc,train
playing table tennis,fT76dgLN9s4,train
playing table tennis,S8nw8s6VZoY,train
playing table tennis,bln5A2hopKQ,train
playing table tennis,2ScVK0M6hMk,train
playing table tennis,7AvroBddA1Y,train
playing table tennis,l7mfZcyno4k,train
playing table tennis,29Vt10n1jYw,train
playing table tennis,yrBaquaBSxQ,train
playing table tennis,wCHyjbFaHpk,train
playing table tennis,tR6BUanG96k,train
playing table tennis,c8sph27APMY,train
playing table tennis,79RRv5cqAl0,train
playing table tennis,UMZ9EgS8xqU,train
playing table tennis,xEr8folri4M,train
playing table tennis,XdL-ZzC22_0,train
playing table tennis,uI6N7SVRyo4,train
playing table tennis,J14JGfYY4ms,train
playing table tennis,xN3bYOgdMB8,train
playing table tennis,w3M2cchNGfg,train
playing table tennis,VSl5oToLxjk,train
playing table tennis,T2zZbnu_NtM,train
playing table tennis,KiGArcmBb9o,train
playing table tennis,s7p00TlXIFs,train
playing table tennis,esDSbj1oIFU,train
playing table tennis,CJIHcvrdZbs,train
playing table tennis,E5xZXjaRfwk,train
playing table tennis,niLa24jiw9g,train
playing table tennis,TtBhDBdTQm0,train
playing table tennis,ekyNcdc8b_k,train
playing table tennis,GbCO46F6b0I,train
playing table tennis,4qb-DnfGCD8,train
playing table tennis,f7GyLzlpqio,train
playing table tennis,xQz0wyqgaL0,train
playing table tennis,aOLaAeeVs5o,train
playing table tennis,NANLG4_4kWc,train
playing table tennis,ImlzVZ5zGvQ,train
playing table tennis,NQBAE7CWDds,train
playing table tennis,kiYq30bmpfo,train
playing table tennis,RONnDnp1dpU,train
playing table tennis,-r-lijxXqkk,train
playing table tennis,MW8x89XNR5Q,train
playing table tennis,ZkVpC5n8ef0,train
playing table tennis,h2YDRVhz08I,train
playing table tennis,VvEGlxeKvJI,train
playing table tennis,3h69_Tt_EYg,train
playing table tennis,_W81VqJvngI,train
playing table tennis,uDXxKABqRnQ,train
playing table tennis,l92__vMAMzs,train
playing table tennis,AckcdNOfc2g,train
playing table tennis,Xu28vU3Nvd8,train
playing table tennis,TEcKAhtenTo,train
playing table tennis,JtiVAOMB6bg,train
playing table tennis,5tONJhIrq60,train
playing table tennis,HBXQlGNAx_Q,train
playing table tennis,efwlSHjriDg,train
playing table tennis,heJZe0OTDnA,train
playing table tennis,nc7N9nkB26o,train
playing table tennis,epJVEmHGyuc,train
playing table tennis,MBvihdiKI9g,train
playing table tennis,-dMfjQYbj3o,train
playing table tennis,iXaA7PVRhIY,train
playing table tennis,rOjujlD6J3Q,train
playing table tennis,NHi0hofpfDQ,train
playing table tennis,IfTBAopvF1c,train
playing table tennis,GwwnWIjvddo,train
playing table tennis,V717aQ2FwHc,train
playing table tennis,2MPr2F3gsSI,train
playing table tennis,_Bi3vOTH_do,train
playing table tennis,MV1qOqhaLXk,train
playing table tennis,rFjhfDyBZNU,train
playing table tennis,Ie8sNEBBvcE,train
playing table tennis,d5zkSSjz4-U,train
playing table tennis,bRB4zlhU-Wk,train
playing table tennis,RfkP6ztF3hQ,train
playing table tennis,AcfnjWDJD0I,train
playing table tennis,Xii1_J_EeV4,train
playing table tennis,QMSTDVW4OF8,train
playing table tennis,M7YV6Cra4-8,train
playing table tennis,eScGNMtp03c,train
playing table tennis,hoq-HM2nFwc,train
playing table tennis,X-gwd1ng1iE,train
playing table tennis,ueYQcJQxvUA,train
playing table tennis,qpCXHdtTvlg,train
playing table tennis,UqG26qFSG7c,train
playing table tennis,MgljU8wtp_Q,train
playing table tennis,mB8GfFRdels,train
playing table tennis,yAPX1mAqlDA,train
playing table tennis,h-KppY3RB44,train
playing table tennis,XocikkCjnds,train
playing table tennis,5myLGolqMm0,train
playing table tennis,mNt25MpMsSI,train
playing table tennis,c3f_4rRJSfg,train
playing table tennis,HIiNR4bsZIA,train
playing table tennis,1DMv9mVtVyI,train
playing table tennis,n5Mvz5d5VfY,train
playing table tennis,sgSOxltPP2g,train
playing table tennis,hkL-M9o35q8,train
playing table tennis,ts15JPS1K-w,train
playing table tennis,bd1D3lfH9FA,train
playing table tennis,3mOVSNBWK44,train
playing table tennis,ECdqrJFTLDM,train
playing table tennis,41NAWwmED6A,train
playing table tennis,RG31m3LE8iM,train
playing table tennis,Ep28K61l_Sg,train
playing table tennis,zD7cTHzRuWY,train
playing table tennis,pHeFwNFuK_Q,train
playing table tennis,akkm188V7FU,train
playing table tennis,BiWtLbgkch8,train
playing table tennis,eFkQVCSLIB8,train
playing table tennis,QSgfJNYWe2g,train
playing table tennis,lwV-Zkf2BGU,train
playing table tennis,wxH0fzPFmjk,train
playing table tennis,KWvJJiz9UQ0,train
playing table tennis,Bjrc5B05Zuw,train
playing table tennis,RF-MjDfpE_U,train
playing table tennis,XK8nHu0XkCE,train
playing table tennis,hHEvLigPrYA,train
playing table tennis,ocMRP-ujyzQ,train
playing table tennis,pAXrCxM2rmM,train
playing table tennis,9nmXhr76EkI,train
playing table tennis,Ydgm8T-ZitM,train
playing table tennis,J3kQdyYi4w8,train
playing table tennis,A8IVASo0umU,train
playing table tennis,P5GxiEz81xw,train
playing table tennis,__Mw55PlQeg,train
playing table tennis,rO-Xz_2RBTk,train
playing table tennis,4P5Z2aU9SQw,train
playing table tennis,9xpVjEjSA2U,train
playing table tennis,w_9XuRFnR0k,train
playing table tennis,L0dkOST_uiA,train
playing table tennis,0MpeArTdYlQ,train
playing table tennis,hpq3s8xrBHg,train
playing table tennis,hRHd3ElM9-Y,train
playing table tennis,Tn-603WnnZc,train
playing table tennis,9gwy_2pvuns,train
playing table tennis,4-J6DHLe6TM,train
playing table tennis,olyPMAjJnQI,train
playing table tennis,C3nZuz3zq0k,train
playing table tennis,KclJqWOkCt8,train
playing table tennis,hnms__AAEhQ,train
playing table tennis,q47OJLHB5qk,train
playing table tennis,l1_EYIZ68EY,train
playing table tennis,WChZHJCDcFE,train
playing table tennis,KRptVcpQh74,train
playing table tennis,RdiD6I7NSeM,train
playing table tennis,6z_pfZ6Rvfs,train
playing table tennis,1BgAcGWShOk,train
playing table tennis,2sKmbnOi5S0,train
playing table tennis,VKAFl9ZpbKE,train
playing table tennis,yeqWktx8uLU,train
playing table tennis,7Q59Tviu-6g,train
playing table tennis,1KCT-0y_3uY,train
playing table tennis,X7wNDH2bC78,train
playing table tennis,9QIsl3RbKu4,train
playing table tennis,i9pDX5Ikn1g,train
playing table tennis,8Q33_X525vk,train
playing table tennis,fNLS25qblX0,train
playing table tennis,mwoQMUhI9nY,train
playing table tennis,cu4Cw4qMUmc,train
playing table tennis,IxucaHUazUg,train
playing table tennis,Dgtjh9Tyw2M,train
playing table tennis,oHSMwQb4F4s,train
playing table tennis,2w1NeptwLzU,train
playing table tennis,EJJyWJBpci4,train
playing table tennis,G-zVpNXq224,train
playing table tennis,rUI4dry_5S4,train
playing table tennis,4rfg_8SXrq8,train
playing table tennis,0DLQxoJg0UM,train
playing table tennis,59Xef4GPClc,train
playing table tennis,HfPWJI2b3D8,train
playing table tennis,jQofIxFcDaw,train
playing table tennis,Zcu-A7uUhLg,train
playing table tennis,3dNiqeUQIq4,train
playing table tennis,y2wK5jndmIs,train
playing table tennis,qOnuXPLtWCY,train
playing table tennis,PMWPNkWnTOc,train
playing table tennis,Qn76qzr7Pks,train
playing table tennis,yzQGgyIq-Wc,val
playing table tennis,ObhvTKdf8bA,val
playing table tennis,-NcU2cIxoJU,val
playing table tennis,rylR7w0Rwz0,val
playing table tennis,ic9P8BU0-Wc,val
playing table tennis,j6MlVZIPc88,val
playing table tennis,VwbIXg-Km9k,val
playing table tennis,NPkGNnsARKk,val
playing table tennis,XiQhJPkvn1I,val
playing table tennis,T80QJj81efs,val
playing table tennis,BGz9PyX7gYc,val
playing table tennis,SlD3N5wEmlA,val
playing table tennis,3OdPdO66mcY,val
playing table tennis,6IBYph9y--w,val
playing table tennis,nxT4ewj7IYA,val
playing table tennis,zo6_6t1oH5U,val
playing table tennis,FNtePcDQL-8,val
playing table tennis,lWR1ep1lNxM,val
playing table tennis,RVfVGQ6wV20,val
playing table tennis,Oz_0Lxd7AHA,val
playing table tennis,VhpefGpri0I,val
playing table tennis,gWF0h6Xlh6U,val
playing table tennis,c4HUxkwRO0Y,val
playing table tennis,Kw25ZUo18PU,val
playing table tennis,kZzL2rDNSJk,val
playing table tennis,zF3VYwS7erg,val
playing table tennis,PVZJa20fBJc,val
playing table tennis,GI7rX5-90DQ,val
playing table tennis,iLjr57n_ecw,val
playing table tennis,T78zHrXXz3U,val
playing table tennis,eDEJ3VJWNTQ,val
playing table tennis,MQ9q67yhFfM,val
playing table tennis,VccTtqitj6Y,val
playing table tennis,wR0xRiRcBrs,val
playing table tennis,BMZwrvCj4sw,val
playing table tennis,XvavyNUmHNc,val
playing table tennis,CgINDJXO6Kc,val
playing table tennis,O1w6KwoBELQ,val
playing table tennis,dzAFL_bweUo,val
playing table tennis,RbymGAiKqUg,val
playing table tennis,7q4Tw-cWlnk,val
playing table tennis,-jVXNEvUJss,val
playing table tennis,cRvAIHsFxUQ,val
playing table tennis,exmD_zpCdr0,val
playing table tennis,xZIwnex3_gU,val
playing table tennis,LmQNDC-1Ew0,val
playing table tennis,2eNJyPLjnWM,val
playing table tennis,PTNpq0ggTuo,val
playing table tennis,PY5Uwb2HZsg,val
playing table tennis,GMLhvEdqIvQ,val
playing table tennis,bgea0X8pZMw,val
playing table tennis,bcioCOwwpWc,val
playing table tennis,PvqxX8mqtUc,val
playing table tennis,xCdN6XwK2EQ,val
playing table tennis,nl-0XOtQlaQ,val
playing table tennis,TLrnC4BMXmA,val
playing table tennis,vr7mYnXnWOc,val
playing table tennis,g7_YL5C71u8,val
playing table tennis,dKArcG_owHE,val
playing table tennis,M0v5SvlD1oQ,val
playing table tennis,L-Xwq6j-JME,val
playing table tennis,RIs-uHCS4Co,val
playing table tennis,XeBlROgwBnY,val
playing table tennis,aYnXr3n0RT8,val
playing table tennis,8UedR4XAJy0,val
playing table tennis,rJnDILsHVz4,val
playing table tennis,Ov6WElwTHZk,val
playing table tennis,3D9VWKR-iFc,val
playing table tennis,EMKTB-YkNhY,val
playing table tennis,KxCy5irb3rE,val
playing table tennis,RS7gdJxIO84,val
playing table tennis,4l7pVvVK9nI,val
playing table tennis,6JrQQmh4m-8,val
playing table tennis,dId8HXO53f8,val
playing table tennis,qCfFYAIlxkA,val
playing table tennis,Fmj9m61W7ME,test
playing table tennis,hqCq9EAj87U,test
playing table tennis,xvKU6OGmy1g,test
playing table tennis,EFrODaRbHyc,test
playing table tennis,RZdlCikivEk,test
playing table tennis,OqGQ72bre30,test
playing table tennis,WoHDivo0x40,test
playing table tennis,fS-imJ196CE,test
playing table tennis,eLcz43r9shM,test
playing table tennis,C2uHQ-hmUwA,test
playing table tennis,Kgm5qGwBVfc,test
playing table tennis,hVTc0srMYCE,test
playing table tennis,8JPwzZvlX6E,test
playing table tennis,wxnxnfyeUwk,test
playing table tennis,euTxo93SyTM,test
playing table tennis,zQ6QCEz5fPU,test
playing table tennis,qgJVEPfzXcA,test
playing table tennis,1n5uFGk2pnc,test
playing table tennis,DAR8oZSBVWo,test
playing table tennis,MaQCZTNBDAI,test
playing table tennis,0rZoAxmluX8,test
playing table tennis,QtwFgI-o5Hk,test
playing table tennis,MXpCW25taqo,test
playing table tennis,5EtL98tkerQ,test
playing table tennis,6zer1nstH4U,test
playing table tennis,YMe0BzbA5Ro,test
playing table tennis,oYKmvwGmBVY,test
playing table tennis,WlkKbqU4p48,test
playing table tennis,FSZwYRT92GY,test
playing table tennis,9n97rvGn2vk,test
playing table tennis,5daVEo1CWnY,test
playing table tennis,kgKGmb8HoBk,test
playing table tennis,8FJgaUa_TFw,test
playing table tennis,42KhgjwEnKk,test
playing table tennis,fL86Lb53kuE,test
playing table tennis,yG6cORMvs7U,test
playing table tennis,aZnIdOtKVSg,test
playing table tennis,e9i7CLJ-jZE,test
playing table tennis,Z2jdFZYlQdc,test
playing table tennis,2HWeu6EwLYY,test
playing table tennis,z95ZgrVEQfk,test
playing table tennis,WesXuQD_LGU,test
playing table tennis,eRk6naQznFM,test
playing table tennis,ujq3sARPe_8,test
playing table tennis,LoEuZx2uAmM,test
playing table tennis,wNHru0K6s_8,test
playing table tennis,PRGQHCPtpt8,test
playing table tennis,IWWXTGVLmms,test
playing table tennis,hcgSKUmrF9s,test
playing table tennis,6UIoEOTZmR8,test
playing table tennis,eCPzarIwKSo,test
playing table tennis,3-2CKVCL90g,test
playing table tennis,UjvVH5SPVdo,test
playing table tennis,z_iQiDelO6g,test
playing table tennis,BCJGL5E9huM,test
playing table tennis,YANe3o1dgG0,test
playing table tennis,-QfhZrKnFyI,test
playing table tennis,zTn4SUtz_0o,test
playing table tennis,tkURaMMDT0E,test
playing table tennis,T-LeIcAzePw,test
playing table tennis,yYw2kPgA1KA,test
playing table tennis,UCxwVJbuxYw,test
playing table tennis,RQ51sHzSQdo,test
playing table tennis,5y55yGWlutQ,test
playing table tennis,E8hEovhvX2s,test
playing table tennis,r_0JsMVwDt8,test
playing table tennis,kx-2o8nIhXs,test
playing table tennis,aFB1tj3dS9I,test
playing table tennis,V0qQ3YEUcUw,test
playing table tennis,fK3AteEKZUo,test
playing table tennis,Y2ifCqPiW0k,test
playing table tennis,vFkqVqm374M,test
playing flute,DiKfwUCICdg,train
playing flute,dsjPSk5ZP9Y,train
playing flute,PVz7XgEGALI,train
playing flute,0QHxl_qa77U,train
playing flute,z-YEPSzdgpk,train
playing flute,9jcDi5JtYZQ,train
playing flute,bRHYLtuGkKs,train
playing flute,zeMiCOLz3j8,train
playing flute,yn9l786GZu0,train
playing flute,DjJsbVmBPn8,train
playing flute,Zoh_iNNcJCk,train
playing flute,-BTusKdsjjA,train
playing flute,uPH5KjJ-MVI,train
playing flute,5UuO5_ETqco,train
playing flute,AuXKkNFTKwE,train
playing flute,Jhk0I2wZelU,train
playing flute,51WhD6xjzsA,train
playing flute,bLPjnCRkymI,train
playing flute,9S3cNKEOWzE,train
playing flute,BaZUsRTgYyo,train
playing flute,n64nRki4jZk,train
playing flute,n40nTbFlmpg,train
playing flute,BYg4cRIXGms,train
playing flute,6-FawtEroEI,train
playing flute,jCWw27UqvCQ,train
playing flute,-4TJHvjsYrE,train
playing flute,4YTAMbBr0zs,train
playing flute,SC0vCyveocw,train
playing flute,JMNKkf-uQ68,train
playing flute,cdUlFJ89ejA,train
playing flute,biRDakHDvGY,train
playing flute,584_W6mR9RA,train
playing flute,WJMkuvT0AnI,train
playing flute,nvY8smRNfrI,train
playing flute,Ou2qdN_Tsrg,train
playing flute,Bd1txEW_VmI,train
playing flute,7dHubYD8Aq8,train
playing flute,fDb3GYw6bvI,train
playing flute,wZHWIq1ycCQ,train
playing flute,QuxbaESYCzE,train
playing flute,sX200pZVR3M,train
playing flute,QIWuT6drSOI,train
playing flute,4ZDqNkTEf2o,train
playing flute,uOLwekYCbVU,train
playing flute,bd-Cpz1e2SI,train
playing flute,hPfFAGcSiZY,train
playing flute,60N_R4MHxNs,train
playing flute,DArQ4wGJyrI,train
playing flute,DSgKhbtDWWo,train
playing flute,-wzQzlUCouI,train
playing flute,ShyLlnCMaTE,train
playing flute,if_8D3-Mgik,train
playing flute,BNF2kj8lO9k,train
playing flute,AtlU4QDwKhY,train
playing flute,oVAeNyhta1U,train
playing flute,0NDdfOUfupI,train
playing flute,eXtB9EwR7UA,train
playing flute,Rw6OH8q2XQI,train
playing flute,4KjmffTgZYE,train
playing flute,d3HcSdvThTM,train
playing flute,xaUTEEAAnn8,train
playing flute,uqCAwgJ-cuE,train
playing flute,KCtIuBgM90o,train
playing flute,0Wv3Ya9nskA,train
playing flute,ya5nTcS08LM,train
playing flute,QPe3qD0MXS4,train
playing flute,1Su2CfxfjNg,train
playing flute,t4HNVeg7nr8,train
playing flute,YZJ5use6wVk,train
playing flute,l5B-l321TZg,train
playing flute,KOH9Q1F_3oA,train
playing flute,IC5RtMKUQGU,train
playing flute,Jec3PlX69pY,train
playing flute,MMucG31g4og,train
playing flute,iWXMCU-7aWw,train
playing flute,wvqpXRoeL_s,train
playing flute,pbbEc7iyiKg,train
playing flute,3Rl4QZQBK8g,train
playing flute,F-9ffOHM-70,train
playing flute,k4eDJUFQ2jk,train
playing flute,ZacoaT-mJuM,train
playing flute,rdTRLEQTWac,train
playing flute,F77jzM-z344,train
playing flute,TMhWEk8HN78,train
playing flute,TJVHeYG-qrc,train
playing flute,U0DKx_0pI6U,train
playing flute,DqO5N3F_srw,train
playing flute,04Fyz2bRBVU,train
playing flute,5sFFozWifVQ,train
playing flute,n6zJEPkzmdU,train
playing flute,G5-Q3SegMa0,train
playing flute,jL0EkNeeOzU,train
playing flute,z1PA0meExMM,train
playing flute,LcJaFXU0SpI,train
playing flute,zCJyNGpOn5Q,train
playing flute,3h_Y5S3zdas,train
playing flute,GbbELbH8lzA,train
playing flute,Mrd7YEv8O3U,train
playing flute,36PxSfBWBxM,train
playing flute,O7DARqMdCcw,train
playing flute,hKDUbw0bmiY,train
playing flute,J3wejRYGP7w,train
playing flute,GUkUCWm-Wps,train
playing flute,ylDgxASLbZY,train
playing flute,0_ixmalQrig,train
playing flute,0gB3liqZO3Y,train
playing flute,sIIrVec11lA,train
playing flute,e02bn9ypSWc,train
playing flute,6bRtvl6T1is,train
playing flute,4VGuKxAtAco,train
playing flute,5_57i7ilgn8,train
playing flute,PbIfUvf5hNo,train
playing flute,Kwh-dSSnTQc,train
playing flute,op8pav9qypA,train
playing flute,nXJivzN8Z6g,train
playing flute,oEEOscuru6s,train
playing flute,GwJhwbvnfZg,train
playing flute,MW18di2WhL4,train
playing flute,YcQdzvqSbwA,train
playing flute,9O3VZQz_nIs,train
playing flute,-UVOFRthq_c,train
playing flute,oiGauCg_FR4,train
playing flute,w3xk8GkpwJo,train
playing flute,ohQ291UHXmY,train
playing flute,cbieKCgNvvU,train
playing flute,1w_EADxq6H0,train
playing flute,875lFhlGEaw,train
playing flute,Io8bTAiqBQQ,train
playing flute,qv-6PmDhWLQ,train
playing flute,Q9N-RzcsVb4,train
playing flute,6nHkAihcTyU,train
playing flute,4JnjuQ0rWvU,train
playing flute,vGEZViypU3U,train
playing flute,76F4Nj02VuQ,train
playing flute,HO2rPzOy9h8,train
playing flute,kEruaQ8s1XA,train
playing flute,9Ef4nNlF59g,train
playing flute,IHMFdks4CGg,train
playing flute,YD9JsZWfBGg,train
playing flute,9mQrJd4sKcg,train
playing flute,mVQnCyRh5zU,train
playing flute,03jRqksffAw,train
playing flute,n6cRpG2SeTE,train
playing flute,qLQXHZq6js4,train
playing flute,jvOEC5FS-TU,train
playing flute,ERTa0cp5w5M,train
playing flute,XB008M-Qisw,train
playing flute,p3FgJztHqFE,train
playing flute,-z-opcAwAhA,train
playing flute,Y2j0UB1ZKUE,train
playing flute,lMq3ZZrffjQ,train
playing flute,X6y7cxmmAKQ,train
playing flute,VYPGlj9vlLQ,train
playing flute,xhuvWCAUW6Q,train
playing flute,d6N9ea-02m8,train
playing flute,a9_EveTTTCQ,train
playing flute,TeNs7NmFSlE,train
playing flute,fd2e-mmeU_w,train
playing flute,pRbb-ad6iis,train
playing flute,v65Dot6kvIo,train
playing flute,szz7ShYgiRI,train
playing flute,yYKpxRkv2-M,train
playing flute,ER8IwnCAGRY,train
playing flute,WtXklLJG0Ug,train
playing flute,vRs4hKAJ59I,train
playing flute,0RIc6mwDRaQ,train
playing flute,nxWejVl-M-8,train
playing flute,1P9wGKjGNfs,train
playing flute,11sQB4lQ-VU,train
playing flute,gzhvGoQkBWA,train
playing flute,AWQsYKbbWWw,train
playing flute,Y8kj8nN7FFM,train
playing flute,-faXMDW9jUw,train
playing flute,JnhA74NMYmU,train
playing flute,8_y_bTLYj0Y,train
playing flute,hbS5vHR1r2c,train
playing flute,ordOJSvpnRM,train
playing flute,-dKiaWqUJf0,train
playing flute,QbPO7cveUFA,train
playing flute,QAiwlq3aP2U,train
playing flute,BeeL8PTCwM8,train
playing flute,icN_D6KGvMI,train
playing flute,Ev_h---Ipag,train
playing flute,bL2bRJzmQ4I,train
playing flute,8AIab9QGJ3I,train
playing flute,Ffln6y8Pe3I,train
playing flute,rjT8KXyEsjg,train
playing flute,nLyeNi7WnrY,train
playing flute,4Rr63urf5oA,train
playing flute,EEReOT3nmNc,train
playing flute,UsQ1gJvHb6M,train
playing flute,CH-uenGxzBg,train
playing flute,JWvj1WKJpA8,train
playing flute,iWStRkw3d-Q,train
playing flute,xKXkMVylrzk,train
playing flute,0d2eiDp3N5k,train
playing flute,zTD66bZCp2c,train
playing flute,EPeGf7PwV9s,train
playing flute,S6j-xOLEFc4,train
playing flute,EgsHt0at7b8,train
playing flute,Bnq573SNAeg,train
playing flute,X_2WL-Fsvyo,train
playing flute,IXIWA4jqclI,train
playing flute,XeC4nqBB5BM,train
playing flute,Ds5voX5fTvs,train
playing flute,Zhy_fF1hTFc,train
playing flute,bURTU2TNp18,train
playing flute,m1vPxKg5TeQ,train
playing flute,_KPG-p6oISI,train
playing flute,yvfAbVh6LoI,train
playing flute,PneeIrUj7uE,train
playing flute,HvlXUiYghpo,train
playing flute,-yt2OX20K0E,train
playing flute,FIzw4A5LawI,train
playing flute,nKJEGiVba2A,train
playing flute,-zTASP2V65Y,train
playing flute,umWLZ7WcDvs,train
playing flute,JoDHjeWzZjY,train
playing flute,pMVqs2X39Jg,train
playing flute,WgKO_IxUjr8,train
playing flute,pwH9KMRBCIQ,train
playing flute,ZyFDNryHF4U,train
playing flute,S1dKXiRZmfY,train
playing flute,CqqsripTd58,train
playing flute,3yj10u9oQiM,train
playing flute,8ZPQdIvfTjU,train
playing flute,phIzLSf1gUU,train
playing flute,1L4RWZNkCC0,train
playing flute,qUvHb5szJfs,train
playing flute,6SUs8pF20dA,train
playing flute,65dAdVOY9SM,train
playing flute,KyTKzYXURtU,train
playing flute,2bvGjlgZ9Io,train
playing flute,-A3b9tZs-eE,train
playing flute,AUG7Yo9H5QA,train
playing flute,p8EvnGwWK54,train
playing flute,MtKqTmvuGXc,train
playing flute,DEPVeBydhWQ,train
playing flute,Ci7LKEKseSI,train
playing flute,kxw1vgbBQ4I,train
playing flute,RzQVGdPyjYA,train
playing flute,2w7o1yAG0tM,train
playing flute,LHffmONgAiU,train
playing flute,pTzXZ7twK6g,train
playing flute,7co5a_nAn_4,train
playing flute,-BaY2ollfyo,train
playing flute,O4WcO7X_rcY,train
playing flute,rRzWGIhwWAI,train
playing flute,fGcYW5Udv8U,train
playing flute,9CFQrLNOcXs,train
playing flute,Im6JQ_aQk_s,train
playing flute,cZO7-MVO2SU,train
playing flute,oylsaxcWTj8,train
playing flute,7p9iwd38Xj4,train
playing flute,SAFpicvL_CE,train
playing flute,TV2NtVguqeE,train
playing flute,69E23Cdt1c4,train
playing flute,0ZOA0j5LnWc,train
playing flute,VLawbfIv71c,train
playing flute,L8yz03r1xkQ,train
playing flute,HzaHK3s-m-U,train
playing flute,FB0AbQr-p_I,train
playing flute,oCHecokpReM,train
playing flute,G-QpRMCGAD4,train
playing flute,mO_iLrKaMWw,train
playing flute,PX2_QP0lMXY,train
playing flute,2JIQ5CHGhn8,train
playing flute,PSEUYHgKejY,train
playing flute,5VXzJoM-EC4,train
playing flute,5FLugpTs-mQ,train
playing flute,_dRo_bkA2bM,train
playing flute,iwcIdFF8sdM,train
playing flute,r6fstxHXBM4,train
playing flute,REOnPHLBG7c,train
playing flute,ML38h-r3DvU,train
playing flute,VogqP9Sx7Vo,train
playing flute,DlAgWUuaHi0,train
playing flute,xMrf-eqLCM4,train
playing flute,9IXBrJjMYYI,train
playing flute,Gfy8JtBO980,train
playing flute,-PP5Hx17amY,train
playing flute,K-sJEI9xEpI,train
playing flute,-G4PtM_9GWY,train
playing flute,6T3QxcfMHTg,train
playing flute,wjp2vzekGp0,train
playing flute,kwvia4fhD_I,val
playing flute,zktc6NQrZ_8,val
playing flute,dIoWU-za5y8,val
playing flute,9lpDKYDTmXo,val
playing flute,Dmv3eJ8TkBI,val
playing flute,PkreH_mETSc,val
playing flute,2GnUD9XypV8,val
playing flute,b4glNhNvMYU,val
playing flute,g7lFa-fTWpM,val
playing flute,5kLlaqo2QJw,val
playing flute,D9qpDjafWRM,val
playing flute,as8vzD9s6u0,val
playing flute,qwJf02lKxTA,val
playing flute,sHmTnCK_f3A,val
playing flute,2bXM60jdWUk,val
playing flute,GrT7dLWlBVU,val
playing flute,Lpxf3h1898s,val
playing flute,zpCO7eSI9Q8,val
playing flute,dtNyNi4kksg,val
playing flute,3CFm_4LkBck,val
playing flute,Y614oMvcJj0,val
playing flute,Kq6Dta2UGXE,val
playing flute,D9umh8BPtDE,val
playing flute,NzkagVI-lPs,val
playing flute,73SlEMYClbA,val
playing flute,142TlfBU5PY,val
playing flute,gRe-tos_vhw,val
playing flute,X70cKD1jwgI,val
playing flute,1sjmFJzDG0o,val
playing flute,zU1y13utHNs,val
playing flute,B8fyLylJEhs,val
playing flute,JCvfujQPGxQ,val
playing flute,7iF4V1nyTOU,val
playing flute,EG_ceILLOYc,val
playing flute,QcWz6g5urn4,val
playing flute,AVsnW9Oqu8A,val
playing flute,NslSJ7pOgKA,val
playing flute,FMkBELT-d7I,val
playing flute,3M6F7RjIJeE,val
playing flute,im3linVIcSs,val
playing flute,tBP74Ubh014,val
playing flute,bajhckRHMdE,val
playing flute,SiBUPFBi8Tc,val
playing flute,ANbbuB9az4U,val
playing flute,uDZ3lGLCDJg,val
playing flute,Ct0BPe1h-Sk,val
playing flute,ihDeBPa4V6k,val
playing flute,tL9PD-irGwo,val
playing flute,dltItIGDKCQ,val
playing flute,4B50xtVr8p8,val
playing flute,UcYQoS1pC9E,val
playing flute,wa7HZxJAtmI,val
playing flute,pPAfmxxxo88,val
playing flute,21VnD9SeJU8,val
playing flute,64QFpBIMQhs,val
playing flute,1VAkPqd10bg,val
playing flute,vCmZgsmaFbk,val
playing flute,56uBueulCc8,val
playing flute,B-0A7xifHOY,val
playing flute,UyunEtVTIUw,val
playing flute,e6lLSGEh9Ec,val
playing flute,D5rjCKn5JLo,val
playing flute,FZ7M6sLme7s,val
playing flute,W07ofpr_inc,val
playing flute,LDkYQpKgeYg,val
playing flute,ustlCRkW1QY,val
playing flute,BhNK8lncKoY,val
playing flute,fxrrIShugd8,val
playing flute,mKn9zqGpsuc,val
playing flute,mvN4i6P6ITM,val
playing flute,pG1PpnnelxA,val
playing flute,O_iY-mMidms,val
playing flute,2qBbIZsK0nQ,val
playing flute,c0iXH_ebnfI,val
playing flute,dJdGcg1MrkE,val
playing flute,-VH6PhjxD3Y,val
playing flute,i3sqJVcaACU,val
playing flute,ZdShEeZ9XLI,val
playing flute,w2PUeJ4f33o,val
playing flute,XRELEGimLf4,val
playing flute,vusKyAR8Cmc,val
playing flute,hcB9PSgsDkc,val
playing flute,kbKtUl6Fppk,val
playing flute,9hI00UlUweU,val
playing flute,PA-7AFvefqc,val
playing flute,b8q6Z7dtRvg,val
playing flute,lWsU7Gqoerw,val
playing flute,8LwF1R4w0tk,val
playing flute,SYH5NqTtNsI,val
playing flute,VEhmuqu-AmM,val
playing flute,DcmrZt1jgWM,val
playing flute,oJVwVCrrbrA,val
playing flute,hLGtxmcg1QU,val
playing flute,VxkFMKf5RHA,val
playing flute,l-3tN-c6UwE,val
playing flute,9jUtZRbn_z0,test
playing flute,N9Iv_rEKrrg,test
playing flute,un9HODr3FMI,test
playing flute,0IvNbabusiY,test
playing flute,D7qYq_Gc-jE,test
playing flute,9lFp8rtx3E8,test
playing flute,56T5S5OJc8A,test
playing flute,be1jJCH32OU,test
playing flute,Id7fAxveWVQ,test
playing flute,Ts_8GzI6XVE,test
playing flute,Z8nV6NY8qqM,test
playing flute,VDENgQlJU5M,test
playing flute,rNw5WWGsWAQ,test
playing flute,IBYp5SBzGss,test
playing flute,remdYhwXGto,test
playing flute,Q13xYOqMcUs,test
playing flute,rmyjT-6mWwk,test
playing flute,6rJaHEG-hq8,test
playing flute,PHjLeoAbJUU,test
playing flute,oS3wefMvCsE,test
playing flute,h9IZTUBeMFs,test
playing flute,uEXie6-XJr0,test
playing flute,epqEejJP5ZU,test
playing flute,7hlNPe7gneA,test
playing flute,Rmd7xtU5168,test
playing flute,Nx8OJBTukVk,test
playing flute,uH_rSxxDxqw,test
playing flute,GQb6gTJD7zA,test
playing flute,zi6gVIAKwsM,test
playing flute,2XMCxcnzhsA,test
playing flute,aJAyYNGhmKU,test
playing flute,d-4IKZU4xsE,test
playing flute,lMc0YFejktU,test
playing flute,vSpJTwhgH_Y,test
playing flute,zKTS95KOrOI,test
playing flute,SgYh5Lb7tlM,test
playing flute,WzwbWd4mMg8,test
playing flute,4xkbCuIypnk,test
playing flute,WArGk9-9uwI,test
playing flute,9hFWBZf2b0w,test
playing flute,fB-riQD4OyA,test
playing flute,kXk7kjC9I3M,test
playing flute,Rdu9dx2icro,test
playing flute,PpXUoR4JgNk,test
playing flute,TAzYP-m-xF4,test
playing flute,XZ2-tz4upiI,test
playing flute,lEqhWC0R38A,test
playing flute,d3AFIA0EylU,test
playing flute,5Zt3TLdu7e4,test
playing flute,cev4oTRBWAw,test
playing flute,9MhacGVLs2g,test
playing flute,ccqP8WXEUH0,test
playing flute,I05NWWChNls,test
playing flute,14Ki89E_S_8,test
playing flute,m53B3phS4uQ,test
playing flute,BVMxdSXghoI,test
playing flute,9Gu8Smz5Spo,test
playing flute,GKVvD_R4gnw,test
playing flute,BN4k3mnJteo,test
playing flute,q7KjQa15FCA,test
playing flute,ktnxNU6DiJA,test
playing flute,REVkjtwXfsw,test
playing flute,X6xFp9uizko,test
playing flute,rDEPy6uo5OQ,test
playing flute,IAlYlq8L4ug,test
playing flute,jJHoMsti3Ug,test
playing flute,O7puBCRI2Bc,test
playing flute,ZIwzR5XHZ3M,test
playing flute,sMcfpciDsk4,test
playing flute,t6qtE0gcLq0,test
playing flute,hqdu6s7l_NA,test
playing flute,6Na-W3tsmu0,test
playing flute,VNlfJLC00Ds,test
playing flute,sHy9FOblt7Y,test
playing flute,gwbvs_IbWpI,test
playing flute,x9NWhQSuUac,test
playing flute,iFjUx6GNMYE,test
playing flute,99PsXBEM-lU,test
playing flute,XrttBmV3Y0E,test
playing flute,xjd7rstAONg,test
playing flute,FTPAv6Xmvjk,test
playing flute,yJnfwH4qcU0,test
playing flute,MW45VBj-14E,test
playing flute,68k1L5UwBXk,test
playing flute,eg5gTw-l7n4,test
playing flute,SL5xjLgQp1c,test
playing flute,fxBZnnTRBN0,test
playing flute,biX0gr2HwPo,test
playing flute,rdTNAA0cGVg,test
playing flute,lDIssPzkDyE,test
playing flute,5KY-_hs6h7M,test
playing flute,AA-RMLtetA8,test
playing flute,sOYs3ZKlmIs,test
playing flute,03d8pTuxubw,test
playing flute,k5agnFosRKQ,test
